[
  {"input":"","output":[]}
, {"input":"hi","output":["{\"Greet\":true}"]}
, {"input":"reject","output":["{\"Reject\":\"previous\"}"]}
, {"input":"Hello, I hope that we can come to an agreement","output":["{\"Greet\":true}"]}
, {"input":"I am willing to pay 12,000 NIS for the position of project manager","output":["{\"Offer\":{\"Job Description\":\"Project Manager\"}}","{\"Offer\":{\"Salary\":\"12,000 NIS\"}}"]}
, {"input":"There is a fast promotion track.","output":["{\"Offer\":{\"Promotion Possibilities\":\"Fast promotion track\"}}"]}
, {"input":"I accept too.","output":["{\"Accept\":\"previous\"}"]}
, {"input":"12000 NIS, Team Manager, with company car, 10% pension, slow promotion track, 10 working hours","output":["{\"Offer\":{\"Job Description\":\"Team Manager\"}}","{\"Offer\":{\"Leased Car\":\"With leased car\"}}","{\"Offer\":{\"Pension Fund\":\"10%\"}}","{\"Offer\":{\"Promotion Possibilities\":\"Slow promotion track\"}}","{\"Offer\":{\"Salary\":\"12,000 NIS\"}}","{\"Offer\":{\"Working Hours\":\"10 hours\"}}"]}
, {"input":"12000, project manager, leased car, 10% pension,  fast promotion, 10 hours","output":["{\"Offer\":{\"Job Description\":\"Project Manager\"}}","{\"Offer\":{\"Leased Car\":\"With leased car\"}}","{\"Offer\":{\"Pension Fund\":\"10%\"}}","{\"Offer\":{\"Promotion Possibilities\":\"Fast promotion track\"}}","{\"Offer\":{\"Salary\":\"12,000 NIS\"}}","{\"Offer\":{\"Working Hours\":\"10 hours\"}}"]}
, {"input":"20000, project manager, without leased car, 20% pension, fast promotion track, 10 hours","output":["{\"Offer\":{\"Job Description\":\"Project Manager\"}}","{\"Offer\":{\"Leased Car\":\"Without leased car\"}}","{\"Offer\":{\"Pension Fund\":\"20%\"}}","{\"Offer\":{\"Promotion Possibilities\":\"Fast promotion track\"}}","{\"Offer\":{\"Salary\":\"20,000 NIS\"}}","{\"Offer\":{\"Working Hours\":\"10 hours\"}}"]}
, {"input":"20000, Team Manager, Without leased car, 20% pension, 9 working hours","output":["{\"Offer\":{\"Job Description\":\"Team Manager\"}}","{\"Offer\":{\"Leased Car\":\"Without leased car\"}}","{\"Offer\":{\"Pension Fund\":\"20%\"}}","{\"Offer\":{\"Salary\":\"20,000 NIS\"}}","{\"Offer\":{\"Working Hours\":\"9 hours\"}}"]}
, {"input":"If you want 20000, then a your daily schedule will have to be 10 hours","output":["{\"Offer\":{\"Salary\":\"20,000 NIS\"}}","{\"Offer\":{\"Working Hours\":\"10 hours\"}}"]}
, {"input":"20000, Programmer, with leased car, 10% pension, fast track, 10 hours","output":["{\"Offer\":{\"Job Description\":\"Programmer\"}}","{\"Offer\":{\"Leased Car\":\"With leased car\"}}","{\"Offer\":{\"Pension Fund\":\"10%\"}}","{\"Offer\":{\"Promotion Possibilities\":\"Fast promotion track\"}}","{\"Offer\":{\"Salary\":\"20,000 NIS\"}}","{\"Offer\":{\"Working Hours\":\"10 hours\"}}"]}
, {"input":"20000, Programmer, with leased car, 10% pension, slow promotion track, 9 hours","output":["{\"Offer\":{\"Job Description\":\"Programmer\"}}","{\"Offer\":{\"Leased Car\":\"With leased car\"}}","{\"Offer\":{\"Pension Fund\":\"10%\"}}","{\"Offer\":{\"Promotion Possibilities\":\"Slow promotion track\"}}","{\"Offer\":{\"Salary\":\"20,000 NIS\"}}","{\"Offer\":{\"Working Hours\":\"9 hours\"}}"]}
, {"input":"What about QA?","output":["{\"Offer\":{\"Job Description\":\"QA\"}}"]}
, {"input":"As a project manager, we would require 10 hours of work","output":["{\"Offer\":{\"Job Description\":\"Project Manager\"}}","{\"Offer\":{\"Working Hours\":\"10 hours\"}}"]}
, {"input":"programmer, 20k no car, but 20% pension","output":["{\"Offer\":{\"Job Description\":\"Programmer\"}}","{\"Offer\":{\"Leased Car\":\"Without leased car\"}}","{\"Offer\":{\"Pension Fund\":\"20%\"}}","{\"Offer\":{\"Salary\":\"20,000 NIS\"}}"]}
, {"input":"You can have 20k, be a project manager, with a 9 hour workday. No car. 10% pension. Fast promotion track.","output":["{\"Offer\":{\"Job Description\":\"Project Manager\"}}","{\"Offer\":{\"Leased Car\":\"Without leased car\"}}","{\"Offer\":{\"Pension Fund\":\"10%\"}}","{\"Offer\":{\"Promotion Possibilities\":\"Fast promotion track\"}}","{\"Offer\":{\"Salary\":\"20,000 NIS\"}}","{\"Offer\":{\"Working Hours\":\"9 hours\"}}"]}
, {"input":"I accept","output":["{\"Accept\":\"previous\"}"]}
, {"input":"What about 20,000, team manager, with a leased car, 20% pension and working 8 hours a day","output":["{\"Offer\":{\"Job Description\":\"Team Manager\"}}","{\"Offer\":{\"Leased Car\":\"With leased car\"}}","{\"Offer\":{\"Pension Fund\":\"20%\"}}","{\"Offer\":{\"Salary\":\"20,000 NIS\"}}","{\"Offer\":{\"Working Hours\":\"8 hours\"}}"]}
, {"input":"i offer 12000 slow promotion track programmer 10% and 9 hours","output":["{\"Offer\":{\"Job Description\":\"Programmer\"}}","{\"Offer\":{\"Pension Fund\":\"10%\"}}","{\"Offer\":{\"Promotion Possibilities\":\"Slow promotion track\"}}","{\"Offer\":{\"Salary\":\"12,000 NIS\"}}","{\"Offer\":{\"Working Hours\":\"9 hours\"}}"]}
, {"input":"20,000 nis, programmer, without leased car, 20% pension, slow promotion track, 8 hours","output":["{\"Offer\":{\"Job Description\":\"Programmer\"}}","{\"Offer\":{\"Leased Car\":\"Without leased car\"}}","{\"Offer\":{\"Pension Fund\":\"20%\"}}","{\"Offer\":{\"Promotion Possibilities\":\"Slow promotion track\"}}","{\"Offer\":{\"Salary\":\"20,000 NIS\"}}","{\"Offer\":{\"Working Hours\":\"8 hours\"}}"]}
, {"input":"I can work 10 hours","output":["{\"Offer\":{\"Working Hours\":\"10 hours\"}}"]}
, {"input":"I can work 9 hours","output":["{\"Offer\":{\"Working Hours\":\"9 hours\"}}"]}
, {"input":"I offer 7000 NIS, team manager, with leased car, 9 hours, 10% pension","output":["{\"Offer\":{\"Job Description\":\"Team Manager\"}}","{\"Offer\":{\"Leased Car\":\"With leased car\"}}","{\"Offer\":{\"Pension Fund\":\"10%\"}}","{\"Offer\":{\"Salary\":\"7,000 NIS\"}}","{\"Offer\":{\"Working Hours\":\"9 hours\"}}"]}
, {"input":"How about 12000 NIS salary, programmer, with leased car, 20% Pension Fund, and fast promotion track.","output":["{\"Offer\":{\"Job Description\":\"Programmer\"}}","{\"Offer\":{\"Leased Car\":\"With leased car\"}}","{\"Offer\":{\"Pension Fund\":\"20%\"}}","{\"Offer\":{\"Promotion Possibilities\":\"Fast promotion track\"}}","{\"Offer\":{\"Salary\":\"12,000 NIS\"}}"]}
, {"input":"We can offer 20000 NIS per month, work as a Programmer, eith leased car, with 10% pension, slow promotion track, and a workday of 10 hours","output":["{\"Offer\":{\"Job Description\":\"Programmer\"}}","{\"Offer\":{\"Leased Car\":\"With leased car\"}}","{\"Offer\":{\"Pension Fund\":\"10%\"}}","{\"Offer\":{\"Promotion Possibilities\":\"Slow promotion track\"}}","{\"Offer\":{\"Salary\":\"20,000 NIS\"}}","{\"Offer\":{\"Working Hours\":\"10 hours\"}}"]}
, {"input":"I can offer 20000 NIS per month, programmer, with leased car, with 20% pension, slow promotion track, and 10 hours","output":["{\"Offer\":{\"Job Description\":\"Programmer\"}}","{\"Offer\":{\"Leased Car\":\"With leased car\"}}","{\"Offer\":{\"Pension Fund\":\"20%\"}}","{\"Offer\":{\"Promotion Possibilities\":\"Slow promotion track\"}}","{\"Offer\":{\"Salary\":\"20,000 NIS\"}}","{\"Offer\":{\"Working Hours\":\"10 hours\"}}"]}
, {"input":"How about 12000","output":["{\"Offer\":{\"Salary\":\"12,000 NIS\"}}"]}
, {"input":"without car?","output":["{\"Offer\":{\"Leased Car\":\"Without leased car\"}}"]}
, {"input":"with car?","output":["{\"Offer\":{\"Leased Car\":\"With leased car\"}}"]}
, {"input":"I agree to offer a wage of 20000 NIS and 10% pension without a car","output":["{\"Offer\":{\"Leased Car\":\"Without leased car\"}}","{\"Offer\":{\"Pension Fund\":\"10%\"}}","{\"Offer\":{\"Salary\":\"20,000 NIS\"}}"]}
, {"input":"I offer 20,000 NIS","output":["{\"Offer\":{\"Salary\":\"20,000 NIS\"}}"]}
, {"input":"i offer without car","output":["{\"Offer\":{\"Leased Car\":\"Without leased car\"}}"]}
, {"input":"we have talket about team manager","output":["{\"Offer\":{\"Job Description\":\"Team Manager\"}}"]}
, {"input":"no, 9 hours","output":["{\"Offer\":{\"Working Hours\":\"9 hours\"}}"]}
, {"input":"offer 10% pensuon","output":["{\"Offer\":{\"Pension Fund\":\"10%\"}}"]}
, {"input":"offer 10% ","output":["{\"Offer\":{\"Pension Fund\":\"10%\"}}"]}
, {"input":"offer 10%","output":["{\"Offer\":{\"Pension Fund\":\"10%\"}}"]}
, {"input":"offer without pension","output":["{\"Offer\":{\"Pension Fund\":\"0%\"}}"]}
, {"input":"offer slow promotion","output":["{\"Offer\":{\"Promotion Possibilities\":\"Slow promotion track\"}}"]}
, {"input":"offer 10% and 12,000","output":["{\"Offer\":{\"Pension Fund\":\"10%\"}}","{\"Offer\":{\"Salary\":\"12,000 NIS\"}}"]}
, {"input":"ten hours","output":["{\"Offer\":{\"Working Hours\":\"10 hours\"}}"]}
, {"input":"OFFER PROGRAMMER","output":["{\"Offer\":{\"Job Description\":\"Programmer\"}}"]}
, {"input":"working 10 hours, NIS 20000, slow track, 20% pension, with leased car","output":["{\"Offer\":{\"Leased Car\":\"With leased car\"}}","{\"Offer\":{\"Pension Fund\":\"20%\"}}","{\"Offer\":{\"Promotion Possibilities\":\"Slow promotion track\"}}","{\"Offer\":{\"Salary\":\"20,000 NIS\"}}","{\"Offer\":{\"Working Hours\":\"10 hours\"}}"]}
, {"input":"I can give you 12,000 nis, a QA position, without a leased car, the 20% pension  fund with a slow promotion track and 8 hours.","output":["{\"Offer\":{\"Job Description\":\"QA\"}}","{\"Offer\":{\"Leased Car\":\"Without leased car\"}}","{\"Offer\":{\"Pension Fund\":\"20%\"}}","{\"Offer\":{\"Promotion Possibilities\":\"Slow promotion track\"}}","{\"Offer\":{\"Salary\":\"12,000 NIS\"}}","{\"Offer\":{\"Working Hours\":\"8 hours\"}}"]}
, {"input":"working 9 hours, NIS 20000, slow track, 20% pension, with leased car","output":["{\"Offer\":{\"Leased Car\":\"With leased car\"}}","{\"Offer\":{\"Pension Fund\":\"20%\"}}","{\"Offer\":{\"Promotion Possibilities\":\"Slow promotion track\"}}","{\"Offer\":{\"Salary\":\"20,000 NIS\"}}","{\"Offer\":{\"Working Hours\":\"9 hours\"}}"]}
, {"input":"I want 12000, as a Programmer, with car, Pension Fund 20%, I want a slow promotion track, I want a workday of 8 hours","output":["{\"Offer\":{\"Job Description\":\"Programmer\"}}","{\"Offer\":{\"Leased Car\":\"With leased car\"}}","{\"Offer\":{\"Pension Fund\":\"20%\"}}","{\"Offer\":{\"Promotion Possibilities\":\"Slow promotion track\"}}","{\"Offer\":{\"Salary\":\"12,000 NIS\"}}","{\"Offer\":{\"Working Hours\":\"8 hours\"}}"]}
, {"input":"12,000 Nis, QA, with leased car, pension fund 20%, slow promotion track, 9 hours","output":["{\"Offer\":{\"Job Description\":\"QA\"}}","{\"Offer\":{\"Leased Car\":\"With leased car\"}}","{\"Offer\":{\"Pension Fund\":\"20%\"}}","{\"Offer\":{\"Promotion Possibilities\":\"Slow promotion track\"}}","{\"Offer\":{\"Salary\":\"12,000 NIS\"}}","{\"Offer\":{\"Working Hours\":\"9 hours\"}}"]}
, {"input":"i offer programmer","output":["{\"Offer\":{\"Job Description\":\"Programmer\"}}"]}
, {"input":"Can you give me 12000?","output":["{\"Offer\":{\"Salary\":\"12,000 NIS\"}}"]}
, {"input":"hi I can offer you 7000 NIS for a job as a Programmer and 20% Pension fund on Fast Promotion track working 10 hours","output":["{\"Offer\":{\"Job Description\":\"Programmer\"}}","{\"Offer\":{\"Pension Fund\":\"20%\"}}","{\"Offer\":{\"Promotion Possibilities\":\"Fast promotion track\"}}","{\"Offer\":{\"Salary\":\"7,000 NIS\"}}","{\"Offer\":{\"Working Hours\":\"10 hours\"}}"]}
, {"input":"Could you consider 12000 NIS?","output":["{\"Offer\":{\"Salary\":\"12,000 NIS\"}}"]}
, {"input":"Would you consider being a Team Manager?","output":["{\"Offer\":{\"Job Description\":\"Team Manager\"}}"]}
, {"input":"Would you accept 20% Pension Fund?","output":["{\"Offer\":{\"Pension Fund\":\"20%\"}}"]}
, {"input":"I can put you on the Fast Promotion track.","output":["{\"Offer\":{\"Promotion Possibilities\":\"Fast promotion track\"}}"]}
, {"input":"Can you work 10 hours?","output":["{\"Offer\":{\"Working Hours\":\"10 hours\"}}"]}
, {"input":"Is 20% Pension fund okay?","output":["{\"Offer\":{\"Pension Fund\":\"20%\"}}"]}
, {"input":"Is fast promotion track okay?","output":["{\"Offer\":{\"Promotion Possibilities\":\"Fast promotion track\"}}"]}
, {"input":"Slow promotion?","output":["{\"Offer\":{\"Promotion Possibilities\":\"Slow promotion track\"}}"]}
, {"input":"9 hours?","output":["{\"Offer\":{\"Working Hours\":\"9 hours\"}}"]}
, {"input":"without leased car?","output":["{\"Offer\":{\"Leased Car\":\"Without leased car\"}}"]}
, {"input":"10 hours with leased ","output":["{\"Offer\":{\"Leased Car\":\"With leased car\"}}","{\"Offer\":{\"Working Hours\":\"10 hours\"}}"]}
, {"input":"10 hours?","output":["{\"Offer\":{\"Working Hours\":\"10 hours\"}}"]}
, {"input":"o.k.","output":["{\"Accept\":\"previous\"}"]}
, {"input":"accept 12,000","output":["{\"Offer\":{\"Salary\":\"12,000 NIS\"}}"]}
, {"input":"how about 7000?","output":["{\"Offer\":{\"Salary\":\"7,000 NIS\"}}"]}
, {"input":"7000?","output":["{\"Offer\":{\"Salary\":\"7,000 NIS\"}}"]}
, {"input":"O.k.","output":["{\"Accept\":\"previous\"}"]}
, {"input":"o.K.","output":["{\"Accept\":\"previous\"}"]}
, {"input":"leased car","output":["{\"Offer\":{\"Leased Car\":\"With leased car\"}}"]}
, {"input":"offer team manager with car","output":["{\"Offer\":{\"Job Description\":\"Team Manager\"}}","{\"Offer\":{\"Leased Car\":\"With leased car\"}}"]}
, {"input":"offer 10% and fast promotion track","output":["{\"Offer\":{\"Pension Fund\":\"10%\"}}","{\"Offer\":{\"Promotion Possibilities\":\"Fast promotion track\"}}"]}
, {"input":"We are offering you 7,000 NIS as a programmer.","output":["{\"Offer\":{\"Job Description\":\"Programmer\"}}","{\"Offer\":{\"Salary\":\"7,000 NIS\"}}"]}
, {"input":"12,000 NIS with leased car, 10% pension fund but 10 Working hours","output":["{\"Offer\":{\"Leased Car\":\"With leased car\"}}","{\"Offer\":{\"Pension Fund\":\"10%\"}}","{\"Offer\":{\"Salary\":\"12,000 NIS\"}}","{\"Offer\":{\"Working Hours\":\"10 hours\"}}"]}
, {"input":"12,000 NIS, Programmer, with company car, 10% pension fund, slow promotion track, 9 working hours","output":["{\"Offer\":{\"Job Description\":\"Programmer\"}}","{\"Offer\":{\"Leased Car\":\"With leased car\"}}","{\"Offer\":{\"Pension Fund\":\"10%\"}}","{\"Offer\":{\"Promotion Possibilities\":\"Slow promotion track\"}}","{\"Offer\":{\"Salary\":\"12,000 NIS\"}}","{\"Offer\":{\"Working Hours\":\"9 hours\"}}"]}
, {"input":"10% pension fund and 9 working hours","output":["{\"Offer\":{\"Pension Fund\":\"10%\"}}","{\"Offer\":{\"Working Hours\":\"9 hours\"}}"]}
, {"input":"I'll offer you 7,000 salart, Programmer, With leased car, 10% pension, Fast track promotion, 10 hours.","output":["{\"Offer\":{\"Job Description\":\"Programmer\"}}","{\"Offer\":{\"Leased Car\":\"With leased car\"}}","{\"Offer\":{\"Pension Fund\":\"10%\"}}","{\"Offer\":{\"Promotion Possibilities\":\"Fast promotion track\"}}","{\"Offer\":{\"Salary\":\"7,000 NIS\"}}","{\"Offer\":{\"Working Hours\":\"10 hours\"}}"]}
, {"input":"I'll offer you 7,000 salary, Programmer, with leased car, 10% pension, Fast track promotion, 9 hours.","output":["{\"Offer\":{\"Job Description\":\"Programmer\"}}","{\"Offer\":{\"Leased Car\":\"With leased car\"}}","{\"Offer\":{\"Pension Fund\":\"10%\"}}","{\"Offer\":{\"Promotion Possibilities\":\"Fast promotion track\"}}","{\"Offer\":{\"Salary\":\"7,000 NIS\"}}","{\"Offer\":{\"Working Hours\":\"9 hours\"}}"]}
, {"input":"I'll offer you 12,000 salary, Programmer, with leased car, 10% pension, Fast track promotion, 10 hours.","output":["{\"Offer\":{\"Job Description\":\"Programmer\"}}","{\"Offer\":{\"Leased Car\":\"With leased car\"}}","{\"Offer\":{\"Pension Fund\":\"10%\"}}","{\"Offer\":{\"Promotion Possibilities\":\"Fast promotion track\"}}","{\"Offer\":{\"Salary\":\"12,000 NIS\"}}","{\"Offer\":{\"Working Hours\":\"10 hours\"}}"]}
, {"input":"12,00 salary, programmer, with leased car, 20% pension, fast track promotion, 9 hours.","output":["{\"Offer\":{\"Job Description\":\"Programmer\"}}","{\"Offer\":{\"Leased Car\":\"With leased car\"}}","{\"Offer\":{\"Pension Fund\":\"20%\"}}","{\"Offer\":{\"Promotion Possibilities\":\"Fast promotion track\"}}","{\"Offer\":{\"Salary\":\"12,000 NIS\"}}","{\"Offer\":{\"Working Hours\":\"9 hours\"}}"]}
, {"input":"offer 7,000., programmer, without leased car, 10% pension fund, fast promotion track, 10 hours","output":["{\"Offer\":{\"Job Description\":\"Programmer\"}}","{\"Offer\":{\"Leased Car\":\"Without leased car\"}}","{\"Offer\":{\"Pension Fund\":\"10%\"}}","{\"Offer\":{\"Promotion Possibilities\":\"Fast promotion track\"}}","{\"Offer\":{\"Salary\":\"7,000 NIS\"}}","{\"Offer\":{\"Working Hours\":\"10 hours\"}}"]}
, {"input":"offer 12,000., programmer, without leased car, 10% pension fund, fast promotion track, 9 hours","output":["{\"Offer\":{\"Job Description\":\"Programmer\"}}","{\"Offer\":{\"Leased Car\":\"Without leased car\"}}","{\"Offer\":{\"Pension Fund\":\"10%\"}}","{\"Offer\":{\"Promotion Possibilities\":\"Fast promotion track\"}}","{\"Offer\":{\"Salary\":\"12,000 NIS\"}}","{\"Offer\":{\"Working Hours\":\"9 hours\"}}"]}
, {"input":"offer 12,000., team manager, without leased car, 10% pension fund, fast promotion track, 9 hours","output":["{\"Offer\":{\"Job Description\":\"Team Manager\"}}","{\"Offer\":{\"Leased Car\":\"Without leased car\"}}","{\"Offer\":{\"Pension Fund\":\"10%\"}}","{\"Offer\":{\"Promotion Possibilities\":\"Fast promotion track\"}}","{\"Offer\":{\"Salary\":\"12,000 NIS\"}}","{\"Offer\":{\"Working Hours\":\"9 hours\"}}"]}
, {"input":"offer 12,000., programmer, without leased car, 20% pension fund, fast promotion track, 9 hours","output":["{\"Offer\":{\"Job Description\":\"Programmer\"}}","{\"Offer\":{\"Leased Car\":\"Without leased car\"}}","{\"Offer\":{\"Pension Fund\":\"20%\"}}","{\"Offer\":{\"Promotion Possibilities\":\"Fast promotion track\"}}","{\"Offer\":{\"Salary\":\"12,000 NIS\"}}","{\"Offer\":{\"Working Hours\":\"9 hours\"}}"]}
, {"input":"offer 12,000., team manager, without leased car, 20% pension fund, fast promotion track, 9 hours","output":["{\"Offer\":{\"Job Description\":\"Team Manager\"}}","{\"Offer\":{\"Leased Car\":\"Without leased car\"}}","{\"Offer\":{\"Pension Fund\":\"20%\"}}","{\"Offer\":{\"Promotion Possibilities\":\"Fast promotion track\"}}","{\"Offer\":{\"Salary\":\"12,000 NIS\"}}","{\"Offer\":{\"Working Hours\":\"9 hours\"}}"]}
, {"input":"offer 12,000.,team manager, with leased car, 10% pension fund, slow promotion track, 10 hours","output":["{\"Offer\":{\"Job Description\":\"Team Manager\"}}","{\"Offer\":{\"Leased Car\":\"With leased car\"}}","{\"Offer\":{\"Pension Fund\":\"10%\"}}","{\"Offer\":{\"Promotion Possibilities\":\"Slow promotion track\"}}","{\"Offer\":{\"Salary\":\"12,000 NIS\"}}","{\"Offer\":{\"Working Hours\":\"10 hours\"}}"]}
, {"input":"\t offer 12,000.,team manager, with leased car, 20% pension fund, slow promotion track, 10 hours ","output":["{\"Offer\":{\"Job Description\":\"Team Manager\"}}","{\"Offer\":{\"Leased Car\":\"With leased car\"}}","{\"Offer\":{\"Pension Fund\":\"20%\"}}","{\"Offer\":{\"Promotion Possibilities\":\"Slow promotion track\"}}","{\"Offer\":{\"Salary\":\"12,000 NIS\"}}","{\"Offer\":{\"Working Hours\":\"10 hours\"}}"]}
, {"input":"\t offer 12,000., programmer, with leased car, 20% pension fund, fast promotion track, 10 hours ","output":["{\"Offer\":{\"Job Description\":\"Programmer\"}}","{\"Offer\":{\"Leased Car\":\"With leased car\"}}","{\"Offer\":{\"Pension Fund\":\"20%\"}}","{\"Offer\":{\"Promotion Possibilities\":\"Fast promotion track\"}}","{\"Offer\":{\"Salary\":\"12,000 NIS\"}}","{\"Offer\":{\"Working Hours\":\"10 hours\"}}"]}
, {"input":"12,000, programmer, no car, 10% pension, fast promotion track, 9 hours.","output":["{\"Offer\":{\"Job Description\":\"Programmer\"}}","{\"Offer\":{\"Leased Car\":\"Without leased car\"}}","{\"Offer\":{\"Pension Fund\":\"10%\"}}","{\"Offer\":{\"Promotion Possibilities\":\"Fast promotion track\"}}","{\"Offer\":{\"Salary\":\"12,000 NIS\"}}","{\"Offer\":{\"Working Hours\":\"9 hours\"}}"]}
, {"input":"How about 12000 NIS, Team Manager, leased car, 10% pension, fast promotion track, 10 hours.","output":["{\"Offer\":{\"Job Description\":\"Team Manager\"}}","{\"Offer\":{\"Leased Car\":\"With leased car\"}}","{\"Offer\":{\"Pension Fund\":\"10%\"}}","{\"Offer\":{\"Promotion Possibilities\":\"Fast promotion track\"}}","{\"Offer\":{\"Salary\":\"12,000 NIS\"}}","{\"Offer\":{\"Working Hours\":\"10 hours\"}}"]}
, {"input":"Can we agree to 10 hours?","output":["{\"Offer\":{\"Working Hours\":\"10 hours\"}}"]}
, {"input":"I want 10 working hours as part of this agreement.","output":["{\"Offer\":{\"Working Hours\":\"10 hours\"}}"]}
, {"input":"I am offering 12,000 NIS as a project manager without a leased car, 10% pension fund, fast promotion track, and 9 hours of work.","output":["{\"Offer\":{\"Job Description\":\"Project Manager\"}}","{\"Offer\":{\"Leased Car\":\"Without leased car\"}}","{\"Offer\":{\"Pension Fund\":\"10%\"}}","{\"Offer\":{\"Promotion Possibilities\":\"Fast promotion track\"}}","{\"Offer\":{\"Salary\":\"12,000 NIS\"}}","{\"Offer\":{\"Working Hours\":\"9 hours\"}}"]}
, {"input":"I can offer you the fast promotion track, but working hours will be 10 hours.","output":["{\"Offer\":{\"Promotion Possibilities\":\"Fast promotion track\"}}","{\"Offer\":{\"Working Hours\":\"10 hours\"}}"]}
, {"input":"The position will be for a programmer, with leased car, salary of 10 thousand NIS, but with 0% pension.","output":["{\"Offer\":{\"Job Description\":\"Programmer\"}}","{\"Offer\":{\"Leased Car\":\"With leased car\"}}","{\"Offer\":{\"Pension Fund\":\"0%\"}}"]}
, {"input":"I can offer 20000, as a programmer, with a leased car, 10 hours a day, and 10% pension with slow promotion track.","output":["{\"Offer\":{\"Job Description\":\"Programmer\"}}","{\"Offer\":{\"Leased Car\":\"With leased car\"}}","{\"Offer\":{\"Pension Fund\":\"10%\"}}","{\"Offer\":{\"Promotion Possibilities\":\"Slow promotion track\"}}","{\"Offer\":{\"Salary\":\"20,000 NIS\"}}","{\"Offer\":{\"Working Hours\":\"10 hours\"}}"]}
, {"input":"I can offer 20000, as a programmer, with a leased car, 9 hours a day, and 20% pension with slow promotion track.","output":["{\"Offer\":{\"Job Description\":\"Programmer\"}}","{\"Offer\":{\"Leased Car\":\"With leased car\"}}","{\"Offer\":{\"Pension Fund\":\"20%\"}}","{\"Offer\":{\"Promotion Possibilities\":\"Slow promotion track\"}}","{\"Offer\":{\"Salary\":\"20,000 NIS\"}}","{\"Offer\":{\"Working Hours\":\"9 hours\"}}"]}
, {"input":"I can offer 20000, as a programmer, without leased car, 8 hours a day, and 10% pension with slow promotion track.","output":["{\"Offer\":{\"Job Description\":\"Programmer\"}}","{\"Offer\":{\"Leased Car\":\"Without leased car\"}}","{\"Offer\":{\"Pension Fund\":\"10%\"}}","{\"Offer\":{\"Promotion Possibilities\":\"Slow promotion track\"}}","{\"Offer\":{\"Salary\":\"20,000 NIS\"}}","{\"Offer\":{\"Working Hours\":\"8 hours\"}}"]}
, {"input":"I can offer 12000, as a programmer, without leased car, 8 hours a day, and 20% pension with slow promotion track.","output":["{\"Offer\":{\"Job Description\":\"Programmer\"}}","{\"Offer\":{\"Leased Car\":\"Without leased car\"}}","{\"Offer\":{\"Pension Fund\":\"20%\"}}","{\"Offer\":{\"Promotion Possibilities\":\"Slow promotion track\"}}","{\"Offer\":{\"Salary\":\"12,000 NIS\"}}","{\"Offer\":{\"Working Hours\":\"8 hours\"}}"]}
, {"input":"The offer will be without a leased car.","output":["{\"Offer\":{\"Leased Car\":\"Without leased car\"}}"]}
, {"input":"You will be a programmer.","output":["{\"Offer\":{\"Job Description\":\"Programmer\"}}"]}
, {"input":"How about 12k, programmer, with leased car, 10% pension, slow promotion track, and 9 hours?","output":["{\"Offer\":{\"Job Description\":\"Programmer\"}}","{\"Offer\":{\"Leased Car\":\"With leased car\"}}","{\"Offer\":{\"Pension Fund\":\"10%\"}}","{\"Offer\":{\"Promotion Possibilities\":\"Slow promotion track\"}}","{\"Offer\":{\"Salary\":\"12,000 NIS\"}}","{\"Offer\":{\"Working Hours\":\"9 hours\"}}"]}
, {"input":"How about 12k, programmer, 10% pension, slow promotion track, and 8 hours?","output":["{\"Offer\":{\"Job Description\":\"Programmer\"}}","{\"Offer\":{\"Pension Fund\":\"10%\"}}","{\"Offer\":{\"Promotion Possibilities\":\"Slow promotion track\"}}","{\"Offer\":{\"Salary\":\"12,000 NIS\"}}","{\"Offer\":{\"Working Hours\":\"8 hours\"}}"]}
, {"input":"How about 12k, programmer, 10% pension, slow promotion track, and 8 hours, without leased car?","output":["{\"Offer\":{\"Job Description\":\"Programmer\"}}","{\"Offer\":{\"Leased Car\":\"Without leased car\"}}","{\"Offer\":{\"Pension Fund\":\"10%\"}}","{\"Offer\":{\"Promotion Possibilities\":\"Slow promotion track\"}}","{\"Offer\":{\"Salary\":\"12,000 NIS\"}}","{\"Offer\":{\"Working Hours\":\"8 hours\"}}"]}
, {"input":"How about 7k, programmer, 10% pension, slow promotion track, and 8 hours, with leased car?","output":["{\"Offer\":{\"Job Description\":\"Programmer\"}}","{\"Offer\":{\"Leased Car\":\"With leased car\"}}","{\"Offer\":{\"Pension Fund\":\"10%\"}}","{\"Offer\":{\"Promotion Possibilities\":\"Slow promotion track\"}}","{\"Offer\":{\"Salary\":\"7,000 NIS\"}}","{\"Offer\":{\"Working Hours\":\"8 hours\"}}"]}
, {"input":"How about 7000 salary, programmer, 10% pension, slow promotion track, and 8 hours, with leased car?","output":["{\"Offer\":{\"Job Description\":\"Programmer\"}}","{\"Offer\":{\"Leased Car\":\"With leased car\"}}","{\"Offer\":{\"Pension Fund\":\"10%\"}}","{\"Offer\":{\"Promotion Possibilities\":\"Slow promotion track\"}}","{\"Offer\":{\"Salary\":\"7,000 NIS\"}}","{\"Offer\":{\"Working Hours\":\"8 hours\"}}"]}
, {"input":"12000 nis?","output":["{\"Offer\":{\"Salary\":\"12,000 NIS\"}}"]}
, {"input":"20000 qa","output":["{\"Offer\":{\"Job Description\":\"QA\"}}","{\"Offer\":{\"Salary\":\"20,000 NIS\"}}"]}
, {"input":"and 8 hours","output":["{\"Offer\":{\"Working Hours\":\"8 hours\"}}"]}
, {"input":"car and 8 hours","output":["{\"Offer\":{\"Leased Car\":\"With leased car\"}}","{\"Offer\":{\"Working Hours\":\"8 hours\"}}"]}
, {"input":"ok","output":["{\"Accept\":\"previous\"}"]}
, {"input":"I can pay 7,000 NIS","output":["{\"Offer\":{\"Salary\":\"7,000 NIS\"}}"]}
, {"input":"I can pay 12,000 NIS","output":["{\"Offer\":{\"Salary\":\"12,000 NIS\"}}"]}
, {"input":"I can pay 12,000NIS","output":["{\"Offer\":{\"Salary\":\"12,000 NIS\"}}"]}
, {"input":"I can pay 20,000 NIS","output":["{\"Offer\":{\"Salary\":\"20,000 NIS\"}}"]}
, {"input":"work 10 hours","output":["{\"Offer\":{\"Working Hours\":\"10 hours\"}}"]}
, {"input":"can you work for 7,000 NIS?","output":["{\"Offer\":{\"Salary\":\"7,000 NIS\"}}"]}
, {"input":"work for 7000NIS","output":["{\"Offer\":{\"Salary\":\"7,000 NIS\"}}"]}
, {"input":"work for 12000IS","output":["{\"Offer\":{\"Salary\":\"12,000 NIS\"}}"]}
, {"input":"work for 12000NIS","output":["{\"Offer\":{\"Salary\":\"12,000 NIS\"}}"]}
, {"input":"can you work for 12000NIS?","output":["{\"Offer\":{\"Salary\":\"12,000 NIS\"}}"]}
, {"input":"can you work for 7000NIS?","output":["{\"Offer\":{\"Salary\":\"7,000 NIS\"}}"]}
, {"input":"can you work for 20000NIS?","output":["{\"Offer\":{\"Salary\":\"20,000 NIS\"}}"]}
, {"input":"7 thousand NIS","output":["{\"Offer\":{\"Salary\":\"7,000 NIS\"}}"]}
, {"input":"I want a monthly salary of 7 thousand NIS","output":["{\"Offer\":{\"Salary\":\"7,000 NIS\"}}"]}
, {"input":"o.k","output":["{\"Accept\":\"previous\"}"]}
, {"input":"okay","output":["{\"Accept\":\"previous\"}"]}
, {"input":"I want to be a programmer","output":["{\"Offer\":{\"Job Description\":\"Programmer\"}}"]}
, {"input":"So, what about team manager?","output":["{\"Offer\":{\"Job Description\":\"Team Manager\"}}"]}
, {"input":"Team manager and 12000 NIS ?","output":["{\"Offer\":{\"Job Description\":\"Team Manager\"}}","{\"Offer\":{\"Salary\":\"12,000 NIS\"}}"]}
, {"input":"Programmer, 12000 NIS and 10 Percent Pension, but also 10 hours","output":["{\"Offer\":{\"Job Description\":\"Programmer\"}}","{\"Offer\":{\"Pension Fund\":\"10%\"}}","{\"Offer\":{\"Salary\":\"12,000 NIS\"}}","{\"Offer\":{\"Working Hours\":\"10 hours\"}}"]}
, {"input":"I want you to be a team manager","output":["{\"Offer\":{\"Job Description\":\"Team Manager\"}}"]}
, {"input":"hi how about 12,000 NIS,Team Manager, without leased car, 20% pension, fast promotion track, and 10 hours","output":["{\"Offer\":{\"Job Description\":\"Team Manager\"}}","{\"Offer\":{\"Leased Car\":\"Without leased car\"}}","{\"Offer\":{\"Pension Fund\":\"20%\"}}","{\"Offer\":{\"Promotion Possibilities\":\"Fast promotion track\"}}","{\"Offer\":{\"Salary\":\"12,000 NIS\"}}","{\"Offer\":{\"Working Hours\":\"10 hours\"}}"]}
, {"input":"How about this offer: 12000 NIS, Team manager with leased car, 20% pension fund, fast promotion track, 10 hours","output":["{\"Offer\":{\"Job Description\":\"Team Manager\"}}","{\"Offer\":{\"Leased Car\":\"With leased car\"}}","{\"Offer\":{\"Pension Fund\":\"20%\"}}","{\"Offer\":{\"Promotion Possibilities\":\"Fast promotion track\"}}","{\"Offer\":{\"Salary\":\"12,000 NIS\"}}","{\"Offer\":{\"Working Hours\":\"10 hours\"}}"]}
, {"input":"programmer","output":["{\"Offer\":{\"Job Description\":\"Programmer\"}}"]}
, {"input":" programmer","output":["{\"Offer\":{\"Job Description\":\"Programmer\"}}"]}
]
