[
	{"input":"I agree to no car","output":[{"Offer":{"Leased Car":"Without leased car"}}]}
, {"input":"I agree to 10% pension","output":[{"Offer":{"Pension Fund":"10%"}}]}
, {"input":"I agree to a wage of 20000 NIS","output":[{"Offer":{"Salary":"20,000 NIS"}}]}
,	{"input":"I agree to with out car","output":[{"Offer":{"Leased Car":"Without leased car"}}]}
, {"input":"I agree to 10% pension","output":[{"Offer":{"Pension Fund":"10%"}}]}
, {"input":"I agree to a wage of 20000 NIS","output":[{"Offer":{"Salary":"20,000 NIS"}}]}
, {"input":"12,000?","output":[{"Offer":{"Salary":"12,000 NIS"}}]}
, {"input":"Programmer?","output":[{"Offer":{"Job Description":"Programmer"}}]}
, {"input":"Leased car?","output":[{"Offer":{"Leased Car":"With leased car"}}]}
, {"input":"10%?","output":[{"Offer":{"Pension Fund":"10%"}}]}
, {"input":"Slow Promo?","output":[{"Offer":{"Promotion Possibilities":"Slow promotion track"}}]}
, {"input":"9 Hours?","output":[{"Offer":{"Working Hours":"9 hours"}}]}
, {"input":"I was thinking more in line of a QA role.","output":[{"Offer":{"Job Description":"QA"}}]}
, {"input":"I expect a good development plan, and easily progress in the company.","output":[{"Offer":{"Promotion Possibilities":"Fast promotion track"}}]}
, {"input":"With a starting point of 12,00 NIS.","output":[{"Offer":{"Salary":"12,000 NIS"}}]}
, {"input":"I can offer you a fast promotion track, so that you might reach project manager position fairly quickly","output":[{"Offer":{"Promotion Possibilities":"Fast promotion track"}}]}
, {"input":"With a starting point of nine hours a week.","output":[{"Offer":{"Working Hours":"9 hours"}}]}
, {"input":"I can suggest a 20% pension. is that acceptable to you?","output":[{"Offer":{"Pension Fund":"20%"}}]}
, {"input":"I can suggest no car. is that acceptable to you?","output":[{"Offer":{"Leased Car":"Without leased car"}}]}
, {"input":"ill give you a car","output":[{"Offer":{"Leased Car":"With leased car"}}]}
, {"input":"i'll give you a better job but without car","output":[{"Offer":{"Leased Car":"Without leased car"}}]}
, {"input":"I offer 20000 NIS","output":[{"Offer":{"Salary":"20,000 NIS"}}]}
, {"input":"I offer no car","output":[{"Offer":{"Leased Car":"Without leased car"}}]}
, {"input":"no car","output":[{"Offer":{"Leased Car":"Without leased car"}}]}
, {"input":"I offer you 7000","output":[{"Offer":{"Salary":"7,000 NIS"}}]}
, {"input":"I offer you no car","output":[{"Offer":{"Leased Car":"Without leased car"}}]}
, {"input":"I offer 12000 ","output":[{"Offer":{"Salary":"12,000 NIS"}}]}
, {"input":"I offer no car","output":[{"Offer":{"Leased Car":"Without leased car"}}]}
, {"input":"I offer 20000 NIS","output":[{"Offer":{"Salary":"20,000 NIS"}}]}
, {"input":"I offer no car","output":[{"Offer":{"Leased Car":"Without leased car"}}]}
, {"input":"I reject your offer!","output":[{"Reject":"previous"}]}
, {"input":"I offer no car","output":[{"Offer":{"Leased Car":"Without leased car"}}]}
, {"input":"I cannot accept your offer","output":[{"Reject":"previous"}]}
, {"input":"reject","output":[{"Reject":"previous"}]}
, {"input":"7000 is ridiculous","output":[{"Reject":"Salary"}]}
, {"input":"without leased car","output":[{"Offer":{"Leased Car":"Without leased car"}}]}
, {"input":"o.k.","output":[{"Accept":"previous"}]}
, {"input":"I offer 20% pension","output":[{"Offer":{"Pension Fund":"20%"}}]}
, {"input":"I offer 12000","output":[{"Offer":{"Salary":"12,000 NIS"}}]}
, {"input":"I offer 9 hours","output":[{"Offer":{"Working Hours":"9 hours"}}]}
, {"input":"I offer fast promotion","output":[{"Offer":{"Promotion Possibilities":"Fast promotion track"}}]}
, {"input":"I offer without car ","output":[{"Offer":{"Leased Car":"Without leased car"}}]}
, {"input":"I offer you to be project manager","output":[{"Offer":{"Job Description":"Project Manager"}}]}
, {"input":"I offer 20%","output":[{"Offer":{"Pension Fund":"20%"}}]}
, {"input":"I offer 20000","output":[{"Offer":{"Salary":"20,000 NIS"}}]}
, {"input":"I offer 8 hours","output":[{"Offer":{"Working Hours":"8 hours"}}]}
, {"input":"I offer fast promotion","output":[{"Offer":{"Promotion Possibilities":"Fast promotion track"}}]}
, {"input":"I offer without car","output":[{"Offer":{"Leased Car":"Without leased car"}}]}
, {"input":"I offer you to be project manager","output":[{"Offer":{"Job Description":"Project Manager"}}]}
, {"input":"I offer 20% pension","output":[{"Offer":{"Pension Fund":"20%"}}]}
, {"input":"I offer 12000","output":[{"Offer":{"Salary":"12,000 NIS"}}]}
, {"input":"I offer 9 hours","output":[{"Offer":{"Working Hours":"9 hours"}}]}
, {"input":"I offer fast promotion","output":[{"Offer":{"Promotion Possibilities":"Fast promotion track"}}]}
, {"input":"I offer you be project manager","output":[{"Offer":{"Job Description":"Project Manager"}}]}
, {"input":"I offer with car","output":[{"Offer":{"Leased Car":"With leased car"}}]}
, {"input":"I offer you 20% pension fund,","output":[{"Offer":{"Pension Fund":"20%"}}]}
, {"input":"I offer you 12000","output":[{"Offer":{"Salary":"12,000 NIS"}}]}
, {"input":"I offer you work for 9 hours a day","output":[{"Offer":{"Working Hours":"9 hours"}}]}
, {"input":"I offer you car","output":[{"Offer":{"Leased Car":"With leased car"}}]}
, {"input":"I offer you slow promotion possibility","output":[{"Offer":{"Promotion Possibilities":"Slow promotion track"}}]}
, {"input":"I offer you to work as project manager","output":[{"Offer":{"Job Description":"Project Manager"}}]}
, {"input":"I offer you 20% pension fund,","output":[{"Offer":{"Pension Fund":"20%"}}]}
, {"input":"I offer you 12000","output":[{"Offer":{"Salary":"12,000 NIS"}}]}
, {"input":"I offer you work for 9 hours a day","output":[{"Offer":{"Working Hours":"9 hours"}}]}
, {"input":"I offer you with car","output":[{"Offer":{"Leased Car":"With leased car"}}]}
, {"input":"I offer you to work as team manager","output":[{"Offer":{"Job Description":"Team Manager"}}]}
, {"input":"I offer you slow promotion possibility","output":[{"Offer":{"Promotion Possibilities":"Slow promotion track"}}]}
, {"input":"so what about 20000 salary,","output":[{"Offer":{"Salary":"20,000 NIS"}}]}
, {"input":"what about fast promotion possibility","output":[{"Offer":{"Promotion Possibilities":"Fast promotion track"}}]}
, {"input":"THis is ridiculous","output":[{"Reject":"previous"}]}
, {"input":"I reject your offer","output":[{"Reject":"previous"}]}
, {"input":"I cannot agree","output":[{"Reject":"previous"}]}
, {"input":"why?","output":[{"Insist":"previous"}]}
, {"input":"i insist","output":[{"Insist":"previous"}]}
, {"input":"I cannot accpet","output":[{"Reject":"previous"}]}
, {"input":"I insist","output":[{"Insist":"previous"}]}
, {"input":"No I do not accept these terms.","output":[{"Reject":"previous"}]}
, {"input":"how are you?","output":[{"Greet":true}]}
, {"input":"I offer you will be the project manager","output":[{"Offer":{"Job Description":"Project Manager"}}]}
, {"input":"I offer a car","output":[{"Offer":{"Leased Car":"With leased car"}}]}
, {"input":"I offer 20@ pension","output":[{"Offer":{"Pension Fund":"20%"}}]}
, {"input":"I offer fast promotion posiility","output":[{"Offer":{"Promotion Possibilities":"Fast promotion track"}}]}
, {"input":"I offer 20000","output":[{"Offer":{"Salary":"20,000 NIS"}}]}
, {"input":"I offer 9 hours","output":[{"Offer":{"Working Hours":"9 hours"}}]}
, {"input":"inssist","output":[{"Insist":"previous"}]}
, {"input":"offer fast premotion truk","output":[{"Offer":{"Promotion Possibilities":"Fast promotion track"}}]}
, {"input":"I insist 20000","output":[{"Insist":"Salary"}]}
, {"input":"20000","output":[{"Offer":{"Salary":"20,000 NIS"}}]}
, {"input":"with car","output":[{"Offer":{"Leased Car":"With leased car"}}]}
, {"input":"accapt salary","output":[{"Accept":"Salary"}]}
, {"input":"accept pension","output":[{"Accept":"Pension Fund"}]}
, {"input":"accept salary","output":[{"Accept":"Salary"}]}
, {"input":"i accept only salary","output":[{"Accept":"Salary"}]}
, {"input":"This proposal is ridiculous","output":[{"Reject":"previous"}]}
, {"input":"I would like 12,000NIS","output":[{"Offer":{"Salary":"12,000 NIS"}}]}
, {"input":"I don't accept 7,000NIS","output":[{"Reject":"Salary"}]}
, {"input":"No, I do NOT accept","output":[{"Reject":"previous"}]}
, {"input":"I offer a car","output":[{"Offer":{"Leased Car":"With leased car"}}]}
, {"input":"I offer 20000","output":[{"Offer":{"Salary":"20,000 NIS"}}]}
, {"input":"its too much!","output":[{"Reject":"previous"}]}
, {"input":"20% pension is graet","output":[{"Offer":{"Pension Fund":"20%"}}]}
, {"input":"fast premotion is graet","output":[{"Offer":{"Promotion Possibilities":"Fast promotion track"}}]}
, {"input":"12k is graet","output":[{"Offer":{"Salary":"12,000 NIS"}}]}
, {"input":"I'm disagree to you","output":[{"Reject":"previous"}]}
, {"input":"I'm disagree to your offer","output":[{"Reject":"previous"}]}
,	{"input":"So are you saying programmer?","output":[{"Offer":{"Job Description":"Programmer"}}]}
, {"input":"So are you saying fast promotion track?","output":[{"Offer":{"Promotion Possibilities":"Fast promotion track"}}]}
, {"input":"I offer 12,000.","output":[{"Offer":{"Salary":"12,000 NIS"}}]}
, {"input":"My normal day is 10 hours.","output":[{"Offer":{"Working Hours":"10 hours"}}]}
, {"input":"Did you have a preference on work hours?","output":[{"Query":"Working Hours"}]}
, {"input":"I can agree to, shall we say 12,000?","output":[{"Offer":{"Salary":"12,000 NIS"}}]}
, {"input":"I can agree to team manager. shall we say team manager?","output":[{"Offer":{"Job Description":"Team Manager"}}]}
, {"input":"I can agree to, shall we say 9 hours?","output":[{"Offer":{"Working Hours":"9 hours"}}]}
, {"input":"for that absurd amount of money I would ask you to be a programmer","output":[{"Offer":{"Job Description":"Programmer"}}]}
, {"input":"for that absurd amount of money I would ask you to work for 10 hours a day","output":[{"Offer":{"Working Hours":"10 hours"}}]}
, {"input":"also, how is that fast promotion track coming along","output":[{"Offer":{"Promotion Possibilities":"Fast promotion track"}}]}
, {"input":"I agree to offer no a car","output":[{"Offer":{"Leased Car":"Without leased car"}}]}
, {"input":"I agree to offer 10% pension","output":[{"Offer":{"Pension Fund":"10%"}}]}
, {"input":"I agree to offer a wage of 20000 NIS","output":[{"Offer":{"Salary":"20,000 NIS"}}]}

, {"input":"I offer you 7000","output":[{"Offer":{"Salary":"7,000 NIS"}}]}
, {"input":"I offer 20000 NIS","output":[{"Offer":{"Salary":"20,000 NIS"}}]}
, {"input":"I offer 7000 NIS","output":[{"Offer":{"Salary":"7,000 NIS"}}]}
, {"input":"I offer 12 thousand","output":[{"Offer":{"Salary":"12,000 NIS"}}]}
, {"input":"i offer 7000","output":[{"Offer":{"Salary":"7,000 NIS"}}]}
, {"input":"I can offer 20000","output":[{"Offer":{"Salary":"20,000 NIS"}}]}

, {"input":"I offer 20000","output":[{"Offer":{"Salary":"20,000 NIS"}}]}
, {"input":"I accept your offer","output":[{"Accept":"previous"}]}
, {"input":"I offer 12,000","output":[{"Offer":{"Salary":"12,000 NIS"}}]}
, {"input":"I offer leased car","output":[{"Offer":{"Leased Car":"With leased car"}}]}
, {"input":"How about 12,000","output":[{"Offer":{"Salary":"12,000 NIS"}}]}
, {"input":"How about leased carr","output":[{"Offer":{"Leased Car":"With leased car"}}]}
, {"input":"How about 20% pention","output":[{"Offer":{"Pension Fund":"20%"}}]}
, {"input":"How about 10 hours","output":[{"Offer":{"Working Hours":"10 hours"}}]}
, {"input":"12,000 NIS","output":[{"Offer":{"Salary":"12,000 NIS"}}]}
, {"input":"other as you said","output":[{"Accept":"previous"}]}
, {"input":"I agree to offer 10% pension","output":[{"Offer":{"Pension Fund":"10%"}}]}
, {"input":"I agree to offer a wage of 20000 NIS","output":[{"Offer":{"Salary":"20,000 NIS"}}]}
, {"input":"I agree to offer no a car","output":[{"Offer":{"Leased Car":"Without leased car"}}]}
, {"input":"I offer 12k","output":[{"Offer":{"Salary":"12,000 NIS"}}]}
, {"input":"offer 12000","output":[{"Offer":{"Salary":"12,000 NIS"}}]}
, {"input":"i reject","output":[{"Reject":"previous"}]}
, {"input":"I offer you QA","output":[{"Offer":{"Job Description":"QA"}}]}

, {"input":"I offer you with car","output":[{"Offer":{"Leased Car":"With leased car"}}]}
, {"input":"I offer you 0% pension Found","output":[{"Offer":{"Pension Fund":"0%"}}]}
, {"input":"I offer you fast promotion track","output":[{"Offer":{"Promotion Possibilities":"Fast promotion track"}}]}
, {"input":"I offer you 20000","output":[{"Offer":{"Salary":"20,000 NIS"}}]}
, {"input":"I offer you 9 hours","output":[{"Offer":{"Working Hours":"9 hours"}}]}
, {"input":"you may be programmer","output":[{"Offer":{"Job Description":"Programmer"}}]}
, {"input":"you may get car","output":[{"Offer":{"Leased Car":"With leased car"}}]}
, {"input":"you may get 0% pension Found","output":[{"Offer":{"Pension Fund":"0%"}}]}
, {"input":"you may get fast promotion track","output":[{"Offer":{"Promotion Possibilities":"Fast promotion track"}}]}
, {"input":"you may get 20000","output":[{"Offer":{"Salary":"20,000 NIS"}}]}
, {"input":"you may get 9 hours","output":[{"Offer":{"Working Hours":"9 hours"}}]}
, {"input":"what about programmer","output":[{"Offer":{"Job Description":"Programmer"}}]}
, {"input":"what about with car","output":[{"Offer":{"Leased Car":"With leased car"}}]}
, {"input":"what about 10% pension Found","output":[{"Offer":{"Pension Fund":"10%"}}]}
, {"input":"what about fast promotion track","output":[{"Offer":{"Promotion Possibilities":"Fast promotion track"}}]}
, {"input":"what about 20000","output":[{"Offer":{"Salary":"20,000 NIS"}}]}
, {"input":"what about 9 hours","output":[{"Offer":{"Working Hours":"9 hours"}}]}
, {"input":"I offer 7000","output":[{"Offer":{"Salary":"7,000 NIS"}}]}
, {"input":"fine","output":[{"Accept":"previous"}]}
, {"input":"OK, I accept","output":[{"Accept":"previous"}]}
, {"input":"Hi, let's begin our negotiation.","output":[{"Greet":true}]}
, {"input":"This is my offer.","output":[{"Insist":"previous"}]}
, {"input":"I accept this.","output":[{"Accept":"previous"}]}
, {"input":"I offer salary 20000.","output":[{"Offer":{"Salary":"20,000 NIS"}}]}
, {"input":"12000 nis","output":[{"Offer":{"Salary":"12,000 NIS"}}]}
, {"input":"pension 20%","output":[{"Offer":{"Pension Fund":"20%"}}]}
, {"input":"7000 nis","output":[{"Offer":{"Salary":"7,000 NIS"}}]}
, {"input":"8 hours","output":[{"Offer":{"Working Hours":"8 hours"}}]}
, {"input":"offer 20000","output":[{"Offer":{"Salary":"20,000 NIS"}}]}
, {"input":"I'm offer 20000","output":[{"Offer":{"Salary":"20,000 NIS"}}]}
, {"input":"i offer you 20000","output":[{"Offer":{"Salary":"20,000 NIS"}}]}
, {"input":"10% pension fuon is good enough","output":[{"Offer":{"Pension Fund":"10%"}}]}
, {"input":"and fast premotion truck is supper","output":[{"Offer":{"Promotion Possibilities":"Fast promotion track"}}]}
, {"input":"but you should work at least 9 hours","output":[{"Offer":{"Working Hours":"9 hours"}}]}
, {"input":"I'm agree to your offer","output":[{"Accept":"previous"}]}
, {"input":"I'm willing to pay 20000","output":[{"Offer":{"Salary":"20,000 NIS"}}]}
]
