[
	{"input":"So are you saying programmer?","output":[{"Offer":{"Job Description":"Programmer"}}]}
, {"input":"So are you saying fast promotion track?","output":[{"Offer":{"Promotion Possibilities":"Fast promotion track"}}]}
, {"input":"I offer 12,000.","output":[{"Offer":{"Salary":"12,000 NIS"}}]}
, {"input":"My normal day is 10 hours.","output":[{"Offer":{"Working Hours":"10 hours"}}]}
, {"input":"Did you have a preference on work hours?","output":[{"Query":"Working Hours"}]}
, {"input":"I can agree to, shall we say 12,000?","output":[{"Offer":{"Salary":"12,000 NIS"}}]}
, {"input":"I can agree to team manager. shall we say team manager?","output":[{"Offer":{"Job Description":"Team Manager"}}]}
, {"input":"I can agree to, shall we say 9 hours?","output":[{"Offer":{"Working Hours":"9 hours"}}]}
, {"input":"for that absurd amount of money I would ask you to be a programmer","output":[{"Offer":{"Job Description":"Programmer"}}]}
, {"input":"for that absurd amount of money I would ask you to work for 10 hours a day","output":[{"Offer":{"Working Hours":"10 hours"}}]}
, {"input":"also, how is that fast promotion track coming along","output":[{"Offer":{"Promotion Possibilities":"Fast promotion track"}}]}
, {"input":"I agree to offer no a car","output":[{"Offer":{"Leased Car":"Without leased car"}}]}
, {"input":"I agree to offer 10% pension","output":[{"Offer":{"Pension Fund":"10%"}}]}
, {"input":"I agree to offer a wage of 20000 NIS","output":[{"Offer":{"Salary":"20,000 NIS"}}]}

, {"input":"I offer you 7000","output":[{"Offer":{"Salary":"7,000 NIS"}}]}
, {"input":"I offer 20000 NIS","output":[{"Offer":{"Salary":"20,000 NIS"}}]}
, {"input":"I offer 7000 NIS","output":[{"Offer":{"Salary":"7,000 NIS"}}]}
, {"input":"I offer 12 thousand","output":[{"Offer":{"Salary":"12,000 NIS"}}]}
, {"input":"i offer 7000","output":[{"Offer":{"Salary":"7,000 NIS"}}]}
, {"input":"I can offer 20000","output":[{"Offer":{"Salary":"20,000 NIS"}}]}

, {"input":"I offer 20000","output":[{"Offer":{"Salary":"20,000 NIS"}}]}
, {"input":"I accept your offer","output":[{"Accept":"previous"}]}
, {"input":"I offer 12,000","output":[{"Offer":{"Salary":"12,000 NIS"}}]}
, {"input":"I offer leased car","output":[{"Offer":{"Leased Car":"With leased car"}}]}
, {"input":"How about 12,000","output":[{"Offer":{"Salary":"12,000 NIS"}}]}
, {"input":"How about leased carr","output":[{"Offer":{"Leased Car":"With leased car"}}]}
, {"input":"How about 20% pention","output":[{"Offer":{"Pension Fund":"20%"}}]}
, {"input":"How about 10 hours","output":[{"Offer":{"Working Hours":"10 hours"}}]}
, {"input":"12,000 NIS","output":[{"Offer":{"Salary":"12,000 NIS"}}]}
, {"input":"other as you said","output":[{"Accept":"previous"}]}
, {"input":"I agree to offer 10% pension","output":[{"Offer":{"Pension Fund":"10%"}}]}
, {"input":"I agree to offer a wage of 20000 NIS","output":[{"Offer":{"Salary":"20,000 NIS"}}]}
, {"input":"I agree to offer no a car","output":[{"Offer":{"Leased Car":"Without leased car"}}]}
, {"input":"I offer 12k","output":[{"Offer":{"Salary":"12,000 NIS"}}]}
, {"input":"offer 12000","output":[{"Offer":{"Salary":"12,000 NIS"}}]}
, {"input":"i reject","output":[{"Reject":"previous"}]}
, {"input":"I offer you QA","output":[{"Offer":{"Job Description":"QA"}}]}

, {"input":"I offer you with car","output":[{"Offer":{"Leased Car":"With leased car"}}]}
, {"input":"I offer you 0% pension Found","output":[{"Offer":{"Pension Fund":"0%"}}]}
, {"input":"I offer you fast promotion track","output":[{"Offer":{"Promotion Possibilities":"Fast promotion track"}}]}
, {"input":"I offer you 20000","output":[{"Offer":{"Salary":"20,000 NIS"}}]}
, {"input":"I offer you 9 hours","output":[{"Offer":{"Working Hours":"9 hours"}}]}
, {"input":"you may be programmer","output":[{"Offer":{"Job Description":"Programmer"}}]}
, {"input":"you may get car","output":[{"Offer":{"Leased Car":"With leased car"}}]}
, {"input":"you may get 0% pension Found","output":[{"Offer":{"Pension Fund":"0%"}}]}
, {"input":"you may get fast promotion track","output":[{"Offer":{"Promotion Possibilities":"Fast promotion track"}}]}
, {"input":"you may get 20000","output":[{"Offer":{"Salary":"20,000 NIS"}}]}
, {"input":"you may get 9 hours","output":[{"Offer":{"Working Hours":"9 hours"}}]}
, {"input":"what about programmer","output":[{"Offer":{"Job Description":"Programmer"}}]}
, {"input":"what about with car","output":[{"Offer":{"Leased Car":"With leased car"}}]}
, {"input":"what about 10% pension Found","output":[{"Offer":{"Pension Fund":"10%"}}]}
, {"input":"what about fast promotion track","output":[{"Offer":{"Promotion Possibilities":"Fast promotion track"}}]}
, {"input":"what about 20000","output":[{"Offer":{"Salary":"20,000 NIS"}}]}
, {"input":"what about 9 hours","output":[{"Offer":{"Working Hours":"9 hours"}}]}
, {"input":"I offer 7000","output":[{"Offer":{"Salary":"7,000 NIS"}}]}
, {"input":"fine","output":[{"Accept":"previous"}]}
, {"input":"OK, I accept","output":[{"Accept":"previous"}]}
, {"input":"Hi, let's begin our negotiation.","output":[{"Greet":true}]}
, {"input":"This is my offer.","output":[{"Insist":"previous"}]}
, {"input":"I accept this.","output":[{"Accept":"previous"}]}
, {"input":"I offer salary 20000.","output":[{"Offer":{"Salary":"20,000 NIS"}}]}
, {"input":"12000 nis","output":[{"Offer":{"Salary":"12,000 NIS"}}]}
, {"input":"pension 20%","output":[{"Offer":{"Pension Fund":"20%"}}]}
, {"input":"7000 nis","output":[{"Offer":{"Salary":"7,000 NIS"}}]}
, {"input":"8 hours","output":[{"Offer":{"Working Hours":"8 hours"}}]}
, {"input":"offer 20000","output":[{"Offer":{"Salary":"20,000 NIS"}}]}
, {"input":"I'm offer 20000","output":[{"Offer":{"Salary":"20,000 NIS"}}]}
, {"input":"i offer you 20000","output":[{"Offer":{"Salary":"20,000 NIS"}}]}
, {"input":"10% pension fuon is good enough","output":[{"Offer":{"Pension Fund":"10%"}}]}
, {"input":"and fast premotion truck is supper","output":[{"Offer":{"Promotion Possibilities":"Fast promotion track"}}]}
, {"input":"but you should work at least 9 hours","output":[{"Offer":{"Working Hours":"9 hours"}}]}
, {"input":"I'm agree to your offer","output":[{"Accept":"previous"}]}
, {"input":"I'm willing to pay 20000","output":[{"Offer":{"Salary":"20,000 NIS"}}]}
]