[
  {"input":"hi","output":[{"Greet":true}]}
, {"input":"Then go home","output":[{"Quit":true}]}
, {"input":"I reject your offer","output":[{"Reject":"previous"}]}
, {"input":"Start as a programmer with fast promotion track","output":[{"Offer":{"Promotion Possibilities":"Fast promotion track"}},{"Offer":{"Job Description":"Programmer"}}]}
, {"input":"I would like to suggest you to work as a programmer for 12000","output":[{"Offer":{"Job Description":"Programmer"}},{"Offer":{"Salary":"12,000 NIS"}}]}
, {"input":"hi, i can offer you being a programmer first and have a 10% pension with fast promotion track","output":[{"Greet":true},{"Offer":{"Job Description":"Programmer"}},{"Offer":{"Promotion Possibilities":"Fast promotion track"}},{"Offer":{"Pension Fund":"10%"}}]}
, {"input":"I agree.","output":[{"Accept":"previous"}]}
, {"input":"12000 NIS per month.programmer, company car and 10% pension, fast promotion track and a daily schedule of 9 hours","output":[{"Offer":{"Job Description":"Programmer"}},{"Offer":{"Working Hours":"9 hours"}},{"Offer":{"Promotion Possibilities":"Fast promotion track"}},{"Offer":{"Pension Fund":"10%"}},{"Offer":{"Leased Car":"With leased car"}},{"Offer":{"Salary":"12,000 NIS"}}]}
, {"input":"take it or leave it","output":[{"Insist":"previous"}]}
, {"input":"no chance...my last offer was the best i can give you take it or leave it...","output":[{"Insist":"previous"},{"Reject":"previous"}]}
, {"input":"You can get the Team Manager job, but we still need 10 hours. We will be happy to give you a Fast promotion track.","output":[{"Offer":{"Promotion Possibilities":"Fast promotion track"}},{"Offer":{"Working Hours":"10 hours"}},{"Offer":{"Job Description":"Team Manager"}}]}
, {"input":"I need you to work as a programmer","output":[{"Offer":{"Job Description":"Programmer"}}]}
, {"input":"i would give you 12000 NIS you start as team manager with company car, fast promotion track and 10 hours per day","output":[{"Offer":{"Promotion Possibilities":"Fast promotion track"}},{"Offer":{"Working Hours":"10 hours"}},{"Offer":{"Leased Car":"With leased car"}},{"Offer":{"Salary":"12,000 NIS"}},{"Offer":{"Job Description":"Team Manager"}}]}
, {"input":"10 Hours is a must. I can't change that.","output":[{"Offer":{"Working Hours":"10 hours"}},{"Insist":"Working Hours"}]}
, {"input":"I offer 12000 NIS per month forwork as a programmer with company car and 10% pension and I offer a fast promotion track and a daily schedule of 10 hours","output":[{"Offer":{"Job Description":"Programmer"}},{"Offer":{"Promotion Possibilities":"Fast promotion track"}},{"Offer":{"Working Hours":"10 hours"}},{"Offer":{"Pension Fund":"10%"}},{"Offer":{"Leased Car":"With leased car"}},{"Offer":{"Salary":"12,000 NIS"}}]}
, {"input":"You can not be a Team Manager. I need a programmer","output":[{"Offer":{"Job Description":"Programmer"}},{"Reject":"Job Description"}]}
, {"input":"how about 12000 NIS","output":[{"Offer":{"Salary":"12,000 NIS"}}]}
, {"input":"I can offer you the job without pension","output":[{"Offer":{"Pension Fund":"0%"}}]}
, {"input":"10 hours and we have a deal...","output":[{"Offer":{"Working Hours":"10 hours"}}]}
, {"input":"Salary 20000 NIS Job Description Programmer Without leased car Pension Fund 20% Fast promotion track Working Hours 8 hours","output":[{"Offer":{"Job Description":"Programmer"}},{"Offer":{"Promotion Possibilities":"Fast promotion track"}},{"Offer":{"Pension Fund":"20%"}},{"Offer":{"Leased Car":"Without leased car"}},{"Offer":{"Working Hours":"8 hours"}},{"Offer":{"Salary":"20,000 NIS"}}]}
, {"input":"7000 nis its ok?","output":[{"Offer":{"Salary":"7,000 NIS"}}]}
, {"input":"Salary 12000 NIS ,Job Description Programmer , With leased car, Pension Fund 10%, Slow promotion track, Working hours 10 hours","output":[{"Offer":{"Job Description":"Programmer"}},{"Offer":{"Working Hours":"10 hours"}},{"Offer":{"Pension Fund":"10%"}},{"Offer":{"Leased Car":"With leased car"}},{"Offer":{"Promotion Possibilities":"Slow promotion track"}},{"Offer":{"Salary":"12,000 NIS"}}]}
, {"input":"I can give you 20000 NIS per month and work as a Programmer and without a company car and with 20% pension and with a fast promotion track and a daily schedule of 10 hours","output":[{"Offer":{"Job Description":"Programmer"}},{"Offer":{"Promotion Possibilities":"Fast promotion track"}},{"Offer":{"Pension Fund":"20%"}},{"Offer":{"Working Hours":"10 hours"}},{"Offer":{"Leased Car":"Without leased car"}},{"Offer":{"Salary":"20,000 NIS"}}]}
, {"input":"Programmer, 12000 NIS, without car slow promotion track, daily 9 hours, 10% pension","output":[{"Offer":{"Job Description":"Programmer"}},{"Offer":{"Working Hours":"9 hours"}},{"Offer":{"Leased Car":"Without leased car"}},{"Offer":{"Pension Fund":"10%"}},{"Offer":{"Promotion Possibilities":"Slow promotion track"}},{"Offer":{"Salary":"12,000 NIS"}}]}
, {"input":"Hello I can give you 12000 NIS per month and work as a Programmer and with a company car and with 20% pension and with a slow promotion track and a daily schedule of 10 hours","output":[{"Greet":true},{"Offer":{"Job Description":"Programmer"}},{"Offer":{"Pension Fund":"20%"}},{"Offer":{"Working Hours":"10 hours"}},{"Offer":{"Leased Car":"With leased car"}},{"Offer":{"Promotion Possibilities":"Slow promotion track"}},{"Offer":{"Salary":"12,000 NIS"}}]}
, {"input":"i offer: 12000 NIS;Programmer;With leased car;10%;Fast promotion track;9 hours","output":[{"Offer":{"Job Description":"Programmer"}},{"Offer":{"Working Hours":"9 hours"}},{"Offer":{"Promotion Possibilities":"Fast promotion track"}},{"Offer":{"Pension Fund":"10%"}},{"Offer":{"Leased Car":"With leased car"}},{"Offer":{"Salary":"12,000 NIS"}}]}
, {"input":"I offer 7000 NIS per month as a Programmer without a leased car with 10% pension, slow promotion track and 10 working hours a day","output":[{"Offer":{"Job Description":"Programmer"}},{"Offer":{"Working Hours":"10 hours"}},{"Offer":{"Leased Car":"Without leased car"}},{"Offer":{"Pension Fund":"10%"}},{"Offer":{"Promotion Possibilities":"Slow promotion track"}},{"Offer":{"Salary":"7,000 NIS"}}]}
, {"input":"12000 NIS, Programmer, With leased car,20%,Pension Fund ,Fast promotion track,9 hours","output":[{"Offer":{"Job Description":"Programmer"}},{"Offer":{"Working Hours":"9 hours"}},{"Offer":{"Promotion Possibilities":"Fast promotion track"}},{"Offer":{"Pension Fund":"20%"}},{"Offer":{"Leased Car":"With leased car"}},{"Offer":{"Salary":"12,000 NIS"}}]}
, {"input":"i accept your offer","output":[{"Accept":"previous"}]}
, {"input":"12000 nis it ok?","output":[{"Offer":{"Salary":"12,000 NIS"}}]}
, {"input":"10%","output":[{"Offer":{"Pension Fund":"10%"}}]}
, {"input":"start with 12000 but can grow fast","output":[{"Offer":{"Salary":"12,000 NIS"}}]}
, {"input":"it is my last offer","output":[{"Insist":"previous"}]}
, {"input":"I need a programmer not a Manager. I agree to pay 12000","output":[{"Offer":{"Job Description":"Programmer"}},{"Offer":{"Salary":"12,000 NIS"}},{"Reject":"Job Description"}]}
, {"input":"Programmer, 12000 NIS, without car, 10% pension, fast promotion track, daily 9 hours","output":[{"Offer":{"Job Description":"Programmer"}},{"Offer":{"Working Hours":"9 hours"}},{"Offer":{"Promotion Possibilities":"Fast promotion track"}},{"Offer":{"Leased Car":"Without leased car"}},{"Offer":{"Pension Fund":"10%"}},{"Offer":{"Salary":"12,000 NIS"}}]}
, {"input":"hi, i offer 12000 NIS per month and work as a Programmer. with out a car and 20% pension and i offer a fast promotion track for a daily schedule of 10 hours","output":[{"Greet":true},{"Offer":{"Job Description":"Programmer"}},{"Offer":{"Promotion Possibilities":"Fast promotion track"}},{"Offer":{"Pension Fund":"20%"}},{"Offer":{"Working Hours":"10 hours"}},{"Offer":{"Leased Car":"Without leased car"}},{"Offer":{"Salary":"12,000 NIS"}}]}
, {"input":"Everything is fine. But you must work 10 hours.","output":[{"Offer":{"Working Hours":"10 hours"}},{"Accept":"previous"}]}
, {"input":"I can give you 20000 NIS per month and work as a Programmer and with a company car and with 20% pension and with a fast promotion track and a daily schedule of 10 hours","output":[{"Offer":{"Job Description":"Programmer"}},{"Offer":{"Promotion Possibilities":"Fast promotion track"}},{"Offer":{"Pension Fund":"20%"}},{"Offer":{"Working Hours":"10 hours"}},{"Offer":{"Leased Car":"With leased car"}},{"Offer":{"Salary":"20,000 NIS"}}]}
, {"input":"Leased Car with leased car, job Description Team Manager,Working Hours 10 hours","output":[{"Offer":{"Working Hours":"10 hours"}},{"Offer":{"Leased Car":"With leased car"}},{"Offer":{"Job Description":"Team Manager"}}]}
, {"input":"Salary 7000 Job Description QA Leased Car No agreement Pension Fund 10%","output":[{"Offer":{"Leased Car":"No agreement"}},{"Offer":{"Pension Fund":"10%"}},{"Offer":{"Job Description":"QA"}},{"Offer":{"Salary":"7,000 NIS"}}]}
, {"input":"Programmer, 12000 NIS, with car, 10% pension, slow promotion, 9 hours","output":[{"Offer":{"Job Description":"Programmer"}},{"Offer":{"Working Hours":"9 hours"}},{"Offer":{"Pension Fund":"10%"}},{"Offer":{"Leased Car":"With leased car"}},{"Offer":{"Promotion Possibilities":"Slow promotion track"}},{"Offer":{"Salary":"12,000 NIS"}}]}
, {"input":"12000 NIS , Programmer, With leased car, 10% Pension Fund, Fast promotion track,10 hours","output":[{"Offer":{"Job Description":"Programmer"}},{"Offer":{"Promotion Possibilities":"Fast promotion track"}},{"Offer":{"Working Hours":"10 hours"}},{"Offer":{"Pension Fund":"10%"}},{"Offer":{"Leased Car":"With leased car"}},{"Offer":{"Salary":"12,000 NIS"}}]}
, {"input":"I can offer you 12000 NIS as programmer without car and with 20% pension and 8 hours work","output":[{"Offer":{"Job Description":"Programmer"}},{"Offer":{"Pension Fund":"20%"}},{"Offer":{"Leased Car":"Without leased car"}},{"Offer":{"Salary":"12,000 NIS"}},{"Offer":{"Working Hours":"8 hours"}}]}
, {"input":"I suggest 20% pension","output":[{"Offer":{"Pension Fund":"20%"}}]}
, {"input":"pension fund No agreement, job Description Programmer","output":[{"Offer":{"Job Description":"Programmer"}},{"Offer":{"Pension Fund":"No agreement"}}]}
, {"input":"Team manager, 12000 NIS, without leased car, 10% pension, slow promotion track, 10 daily hours","output":[{"Offer":{"Working Hours":"10 hours"}},{"Offer":{"Leased Car":"Without leased car"}},{"Offer":{"Pension Fund":"10%"}},{"Offer":{"Promotion Possibilities":"Slow promotion track"}},{"Offer":{"Salary":"12,000 NIS"}},{"Offer":{"Job Description":"Team Manager"}}]}
, {"input":"I Agree","output":[{"Accept":"previous"}]}
, {"input":"Programmer, 12000 NIS, with leased car, 0% pension, fast promotion track, daily 10 hours","output":[{"Offer":{"Job Description":"Programmer"}},{"Offer":{"Promotion Possibilities":"Fast promotion track"}},{"Offer":{"Working Hours":"10 hours"}},{"Offer":{"Pension Fund":"0%"}},{"Offer":{"Leased Car":"With leased car"}},{"Offer":{"Salary":"12,000 NIS"}}]}
, {"input":"but you will have to work at least 10 hours","output":[{"Offer":{"Working Hours":"10 hours"}}]}
, {"input":"Thia is what I need if you do not accept it I will end","output":[{"Insist":"previous"}]}
, {"input":"pension 10% and you are hired","output":[{"Offer":{"Pension Fund":"10%"}},{"Accept":"previous"}]}
, {"input":"you will have to work at least 9 hours","output":[{"Offer":{"Working Hours":"9 hours"}}]}
, {"input":"I'm sorry but I can't do anything about the 10 hour issue. That's the company policy for Team Managers.","output":[{"Offer":{"Job Description":"Team Manager"}},{"Insist":"Working Hours"}]}
, {"input":"You can not be a Team manager I need a programmer","output":[{"Offer":{"Job Description":"Programmer"}},{"Reject":"Job Description"}]}
, {"input":"I offer 12000 NIS per month as a Programmer without a leased car with 10% pension, fast promotion track and 10 working hours a day","output":[{"Offer":{"Job Description":"Programmer"}},{"Offer":{"Promotion Possibilities":"Fast promotion track"}},{"Offer":{"Working Hours":"10 hours"}},{"Offer":{"Leased Car":"Without leased car"}},{"Offer":{"Pension Fund":"10%"}},{"Offer":{"Salary":"12,000 NIS"}}]}
, {"input":"hi I need a good programmer that will be able to hard and long hours","output":[{"Greet":true},{"Offer":{"Job Description":"Programmer"}},{"Offer":{"Working Hours":"10 hours"}}]}
, {"input":"hi, let's start with 7000 NIS","output":[{"Greet":true},{"Offer":{"Salary":"7,000 NIS"}}]}
, {"input":"I would like to suggest you to work as a programmer for 12000","output":[{"Offer":{"Job Description":"Programmer"}},{"Offer":{"Salary":"12,000 NIS"}}]}
, {"input":"Programmer, company car , 20% pension , slow promotion track 10 hours, 12000 NIS","output":[{"Offer":{"Job Description":"Programmer"}},{"Offer":{"Pension Fund":"20%"}},{"Offer":{"Working Hours":"10 hours"}},{"Offer":{"Leased Car":"With leased car"}},{"Offer":{"Promotion Possibilities":"Slow promotion track"}},{"Offer":{"Salary":"12,000 NIS"}}]}
, {"input":"I accept your offer but only if pension fund is 10%","output":[{"Offer":{"Pension Fund":"10%"}},{"Accept":"previous"}]}
, {"input":"hi ok but 10% pension","output":[{"Greet":true},{"Offer":{"Pension Fund":"10%"}},{"Accept":"previous"}]}
, {"input":"I offer 12000 NIS per month as a Programmer with a leased car with 20% pension, fast promotion track and 10 working hours a day","output":[{"Offer":{"Job Description":"Programmer"}},{"Offer":{"Promotion Possibilities":"Fast promotion track"}},{"Offer":{"Pension Fund":"20%"}},{"Offer":{"Working Hours":"10 hours"}},{"Offer":{"Leased Car":"With leased car"}},{"Offer":{"Salary":"12,000 NIS"}}]}
, {"input":"10 hours","output":[{"Offer":{"Working Hours":"10 hours"}}]}
, {"input":"You can get the Programmer job, but we can offer you only 12000 NIS, and you'll have to work 10 hours.","output":[{"Offer":{"Job Description":"Programmer"}},{"Offer":{"Working Hours":"10 hours"}},{"Offer":{"Salary":"12,000 NIS"}}]}
, {"input":"you want or not?","output":[{"Insist":"previous"}]}
, {"input":"yes you can!","output":[{"Insist":"previous"}]}
, {"input":"I can offer you the job without a car","output":[{"Offer":{"Leased Car":"Without leased car"}}]}
, {"input":"12000 NIS;Programmer;With leased car;20% pension;Slow promotion track;10 hours","output":[{"Offer":{"Job Description":"Programmer"}},{"Offer":{"Pension Fund":"20%"}},{"Offer":{"Working Hours":"10 hours"}},{"Offer":{"Leased Car":"With leased car"}},{"Offer":{"Promotion Possibilities":"Slow promotion track"}},{"Offer":{"Salary":"12,000 NIS"}}]}
, {"input":"with fast promotion track","output":[{"Offer":{"Promotion Possibilities":"Fast promotion track"}}]}
, {"input":"Salary will start with 12000 NIs","output":[{"Offer":{"Salary":"12,000 NIS"}}]}
, {"input":"Working hours 10 hours, Salary 12000 NIS, Leased Car No agreement","output":[{"Offer":{"Working Hours":"10 hours"}},{"Offer":{"Leased Car":"No agreement"}},{"Offer":{"Salary":"12,000 NIS"}}]}
, {"input":"10 hours and i will give you fast promotion track","output":[{"Offer":{"Promotion Possibilities":"Fast promotion track"}},{"Offer":{"Working Hours":"10 hours"}},{"Accept":"previous"}]}
, {"input":"Ok you will have 20000 nis, fast track promotion 8 hours a day but with 10% pension","output":[{"Offer":{"Promotion Possibilities":"Fast promotion track"}},{"Offer":{"Pension Fund":"10%"}},{"Offer":{"Salary":"20,000 NIS"}},{"Offer":{"Working Hours":"8 hours"}}]}
, {"input":"20000 NIS , Programmer , With leased car,20% Pension Fund , Fast promotion track , 10 hours","output":[{"Offer":{"Job Description":"Programmer"}},{"Offer":{"Promotion Possibilities":"Fast promotion track"}},{"Offer":{"Pension Fund":"20%"}},{"Offer":{"Working Hours":"10 hours"}},{"Offer":{"Leased Car":"With leased car"}},{"Offer":{"Salary":"20,000 NIS"}}]}
, {"input":"Programmer, 12000 NIS, with leased car, slow promotion track, 10 hours","output":[{"Offer":{"Job Description":"Programmer"}},{"Offer":{"Working Hours":"10 hours"}},{"Offer":{"Leased Car":"With leased car"}},{"Offer":{"Promotion Possibilities":"Slow promotion track"}},{"Offer":{"Salary":"12,000 NIS"}}]}
, {"input":"I agree with the car but not with the pension","output":[{"Accept":"Leased Car"},{"Reject":"Pension Fund"}]}
, {"input":"i offer 12000 NIS per month for work as a Team Manager with out car. 20% pension and a fast promotion track and a daily schedule of 10 hours","output":[{"Offer":{"Promotion Possibilities":"Fast promotion track"}},{"Offer":{"Pension Fund":"20%"}},{"Offer":{"Working Hours":"10 hours"}},{"Offer":{"Leased Car":"Without leased car"}},{"Offer":{"Salary":"12,000 NIS"}},{"Offer":{"Job Description":"Team Manager"}}]}
, {"input":"ok i accept","output":[{"Accept":"previous"}]}
, {"input":"YOU CAN GET 10 PRECENT PENSION FUND","output":[{"Offer":{"Pension Fund":"10%"}}]}
, {"input":"You can be a team manager but I can pay you 12000 .","output":[{"Offer":{"Salary":"12,000 NIS"}},{"Offer":{"Job Description":"Team Manager"}}]}
, {"input":"I need a Programmer, I will pay 12000 NIS per month without leased car, Slow promotion track, and daily schedule of 10 hours","output":[{"Offer":{"Job Description":"Programmer"}},{"Offer":{"Working Hours":"10 hours"}},{"Offer":{"Leased Car":"Without leased car"}},{"Offer":{"Promotion Possibilities":"Slow promotion track"}},{"Offer":{"Salary":"12,000 NIS"}}]}
, {"input":"ok like you said but 10 hours per day and without company car","output":[{"Offer":{"Working Hours":"10 hours"}},{"Offer":{"Leased Car":"Without leased car"}},{"Accept":"previous"}]}
, {"input":"I can give you 12000 NIS per month and work as a Programmer and with a company car and with 20% pension and with a fast promotion track and a daily schedule of 10 hours","output":[{"Offer":{"Job Description":"Programmer"}},{"Offer":{"Promotion Possibilities":"Fast promotion track"}},{"Offer":{"Pension Fund":"20%"}},{"Offer":{"Working Hours":"10 hours"}},{"Offer":{"Leased Car":"With leased car"}},{"Offer":{"Salary":"12,000 NIS"}}]}
, {"input":"pension fund 10%","output":[{"Offer":{"Pension Fund":"10%"}}]}
, {"input":"I accept","output":[{"Accept":"previous"}]}
, {"input":"I can give you 20000 NIS per month and work as a Programmer and with a company car and with 10% pension and with a fast promotion track and a daily schedule of 10 hours","output":[{"Offer":{"Job Description":"Programmer"}},{"Offer":{"Promotion Possibilities":"Fast promotion track"}},{"Offer":{"Working Hours":"10 hours"}},{"Offer":{"Pension Fund":"10%"}},{"Offer":{"Leased Car":"With leased car"}},{"Offer":{"Salary":"20,000 NIS"}}]}
, {"input":"12000 its good for yoe?","output":[{"Offer":{"Salary":"12,000 NIS"}}]}
, {"input":"Leased car without leased car, Promotion Possibillities Fast promotion track","output":[{"Offer":{"Promotion Possibilities":"Fast promotion track"}},{"Offer":{"Leased Car":"Without leased car"}}]}
, {"input":"i forgot to say you will have 10% pension...","output":[{"Offer":{"Pension Fund":"10%"}}]}
, {"input":"all other details are fine","output":[{"Accept":"previous"}]}
, {"input":"I can give you 12000 NIS and everything you've requested","output":[{"Offer":{"Salary":"12,000 NIS"}},{"Accept":"previous"}]}
, {"input":"20% pension, programmer, fast promotion track, with leased car, 12000, 10 hours","output":[{"Offer":{"Job Description":"Programmer"}},{"Offer":{"Promotion Possibilities":"Fast promotion track"}},{"Offer":{"Pension Fund":"20%"}},{"Offer":{"Working Hours":"10 hours"}},{"Offer":{"Leased Car":"With leased car"}},{"Offer":{"Salary":"12,000 NIS"}}]}
, {"input":"i can live with 9 hours...what are you saying?","output":[{"Offer":{"Working Hours":"9 hours"}}]}
, {"input":"Salary 12000 NIS Job Description QA Without leased car Pension Fund 20% Fast promotion track Working Hours 10 hours","output":[{"Offer":{"Promotion Possibilities":"Fast promotion track"}},{"Offer":{"Pension Fund":"20%"}},{"Offer":{"Working Hours":"10 hours"}},{"Offer":{"Leased Car":"Without leased car"}},{"Offer":{"Job Description":"QA"}},{"Offer":{"Salary":"12,000 NIS"}}]}
, {"input":"too bad this is my best offer...are ypu sure?","output":[{"Insist":"previous"}]}
, {"input":"I can give you 12000 NIS for programmer with car and no pension","output":[{"Offer":{"Job Description":"Programmer"}},{"Offer":{"Pension Fund":"0%"}},{"Offer":{"Leased Car":"With leased car"}},{"Offer":{"Salary":"12,000 NIS"}}]}
, {"input":"12000, Programmer, With leased car, 20% Pension Fund , Fast promotion track , 9 hours","output":[{"Offer":{"Job Description":"Programmer"}},{"Offer":{"Working Hours":"9 hours"}},{"Offer":{"Promotion Possibilities":"Fast promotion track"}},{"Offer":{"Pension Fund":"20%"}},{"Offer":{"Leased Car":"With leased car"}},{"Offer":{"Salary":"12,000 NIS"}}]}
, {"input":"i agree to your offer","output":[{"Accept":"previous"}]}
, {"input":"I am OK with your offer","output":[{"Accept":"previous"}]}
]
