[
{"input":"I can offer that position","output":["{\"Accept\":\"Job Description\"}"]}
, {"input":"I can offer that salary","output":["{\"Accept\":\"Salary\"}"]}
, {"input":"I can offer that leased car","output":["{\"Offer\":{\"Leased Car\":\"Without leased car\"}}"]}
, {"input":"I can offer that with a 10% pension fund","output":["{\"Offer\":{\"Pension Fund\":\"10%\"}}"]}
, {"input":"I will agree on programmer","output":["{\"Offer\":{\"Job Description\":\"Programmer\"}}"]}
, {"input":"I will agree on no agreemnet on the car","output":["{\"Offer\":{\"Leased Car\":\"No agreement\"}}"]}
, {"input":"I will agree on 10% pension","output":["{\"Offer\":{\"Pension Fund\":\"10%\"}}"]}
, {"input":"I will agree on fast promotion track.","output":["{\"Offer\":{\"Promotion Possibilities\":\"Fast promotion track\"}}"]}
, {"input":"I will agree on 20000","output":["{\"Offer\":{\"Salary\":\"20,000 NIS\"}}"]}
, {"input":"I will agree on 10 hours a day","output":["{\"Offer\":{\"Working Hours\":\"10 hours\"}}"]}
, {"input":"i will accept your offer.","output":["{\"Accept\":\"previous\"}"]}
, {"input":"I will sign the agreement","output":["{\"Accept\":\"previous\"}"]}
, {"input":"accept","output":["{\"Accept\":\"previous\"}"]}
, {"input":"hii","output":["{\"Greet\":true}"]}
, {"input":"I can give you the the position of project manager","output":["{\"Offer\":{\"Job Description\":\"Project Manager\"}}"]}
, {"input":"I can give you a leased car","output":["{\"Offer\":{\"Leased Car\":\"With leased car\"}}"]}
, {"input":"I can give you the 20% pension fund","output":["{\"Offer\":{\"Pension Fund\":\"20%\"}}"]}
, {"input":"i am not willing to give you 9 hours.","output":["{\"Offer\":{\"Working Hours\":\"8 hours\"}}"]}
, {"input":"I will give you 8 hours, not 9.","output":["{\"Offer\":{\"Working Hours\":\"8 hours\"}}"]}
, {"input":"Hi how are you","output":["{\"Greet\":true}"]}
, {"input":"and","output":["{\"Append\":\"previous\"}"]}
, {"input":"slow promotion track","output":["{\"Offer\":{\"Promotion Possibilities\":\"Slow promotion track\"}}"]}
, {"input":"hi,I am unable to meet that demand","output":["{\"Offer\":{\"Job Description\":\"Programmer\"}}"]}
, {"input":"why did your work hours decrease?","output":["{\"Query\":\"bid\"}"]}
, {"input":"I could do programmer","output":["{\"Offer\":{\"Job Description\":\"Programmer\"}}"]}
, {"input":"I could do with no leased vehicle","output":["{\"Offer\":{\"Leased Car\":\"Without leased car\"}}"]}
, {"input":"I could do with the car","output":["{\"Accept\":\"Leased Car\"}"]}
, {"input":"I could do with the pension","output":["{\"Accept\":\"Pension Fund\"}"]}
, {"input":"I could do 12k salary","output":["{\"Offer\":{\"Salary\":\"12,000 NIS\"}}"]}
, {"input":"deal","output":["{\"Accept\":\"previous\"}"]}
, {"input":"what do i do","output":["{\"Query\":\"bid\"}"]}
, {"input":"how are you","output":["{\"Greet\":true}"]}
, {"input":"are you ok","output":["{\"Greet\":true}"]}
, {"input":"I will make you team manager","output":["{\"Offer\":{\"Job Description\":\"Team Manager\"}}"]}
, {"input":"I will make you with no car","output":["{\"Offer\":{\"Leased Car\":\"Without leased car\"}}"]}
, {"input":"I will make you with no pension","output":["{\"Offer\":{\"Pension Fund\":\"0%\"}}"]}
, {"input":"I will make you 10 hour work days.","output":["{\"Offer\":{\"Working Hours\":\"10 hours\"}}"]}
, {"input":"I will give you the team manager position","output":["{\"Offer\":{\"Job Description\":\"Team Manager\"}}"]}
, {"input":"I will give you no car","output":["{\"Offer\":{\"Leased Car\":\"Without leased car\"}}"]}
, {"input":"I will give you no pension","output":["{\"Offer\":{\"Pension Fund\":\"0%\"}}"]}
, {"input":"I will give you the promotion track is slow.","output":["{\"Offer\":{\"Promotion Possibilities\":\"Slow promotion track\"}}"]}
, {"input":"I will give you 12,000 NIS","output":["{\"Offer\":{\"Salary\":\"12,000 NIS\"}}"]}
, {"input":"I will give you 10 hour days","output":["{\"Offer\":{\"Working Hours\":\"10 hours\"}}"]}
, {"input":"You can be team manager","output":["{\"Offer\":{\"Job Description\":\"Team Manager\"}}"]}
, {"input":"You can No car","output":["{\"Offer\":{\"Leased Car\":\"Without leased car\"}}"]}
, {"input":"You can No pension.","output":["{\"Offer\":{\"Pension Fund\":\"0%\"}}"]}
, {"input":"You can get 12,000 NIS","output":["{\"Offer\":{\"Salary\":\"12,000 NIS\"}}"]}
, {"input":"You can a 9 hour workday","output":["{\"Offer\":{\"Working Hours\":\"9 hours\"}}"]}
, {"input":"offer team manager","output":["{\"Offer\":{\"Job Description\":\"Team Manager\"}}"]}
, {"input":"offer car","output":["{\"Offer\":{\"Leased Car\":\"With leased car\"}}"]}
, {"input":"offer 10% pension","output":["{\"Offer\":{\"Pension Fund\":\"10%\"}}"]}
, {"input":"offer 20000","output":["{\"Offer\":{\"Salary\":\"20,000 NIS\"}}"]}
, {"input":"offer 9 hours","output":["{\"Offer\":{\"Working Hours\":\"9 hours\"}}"]}
, {"input":"I offer no leased car","output":["{\"Offer\":{\"Leased Car\":\"Without leased car\"}}"]}
, {"input":"I offer 10% pension","output":["{\"Offer\":{\"Pension Fund\":\"10%\"}}"]}
, {"input":"I offer fast promotion track","output":["{\"Offer\":{\"Promotion Possibilities\":\"Fast promotion track\"}}"]}
, {"input":"I offer 12,000 NIS","output":["{\"Offer\":{\"Salary\":\"12,000 NIS\"}}"]}
, {"input":"I offer 10 hours","output":["{\"Offer\":{\"Working Hours\":\"10 hours\"}}"]}
, {"input":"how would you like more money?","output":["{\"Query\":\"bid\"}"]}
, {"input":"Hi, we are willing to offer programmer","output":["{\"Offer\":{\"Job Description\":\"Programmer\"}}"]}
, {"input":"Hi, we are willing to offer 20% Pension Fund","output":["{\"Offer\":{\"Pension Fund\":\"20%\"}}"]}
, {"input":"Hi, we are willing to offer fast promotion track.","output":["{\"Offer\":{\"Promotion Possibilities\":\"Fast promotion track\"}}"]}
, {"input":"Hi, we are willing to offer 12000 NIS salary","output":["{\"Offer\":{\"Salary\":\"12,000 NIS\"}}"]}
, {"input":"I offer programmer job","output":["{\"Offer\":{\"Job Description\":\"Programmer\"}}"]}
, {"input":"I offer 20% pension","output":["{\"Offer\":{\"Pension Fund\":\"20%\"}}"]}
, {"input":"I offer fast promotion track","output":["{\"Offer\":{\"Promotion Possibilities\":\"Fast promotion track\"}}"]}
, {"input":"I offer 20000 NIS per month","output":["{\"Offer\":{\"Salary\":\"20,000 NIS\"}}"]}
, {"input":"I offer 10 hours","output":["{\"Offer\":{\"Working Hours\":\"10 hours\"}}"]}
, {"input":"ok, how about qa?","output":["{\"Offer\":{\"Job Description\":\"QA\"}}"]}
, {"input":"reject 12000","output":["{\"Reject\":\"Salary\"}"]}
, {"input":"hi\\","output":["{\"Greet\":true}"]}
, {"input":"reject programmer","output":["{\"Reject\":\"Job Description\"}"]}
, {"input":"How about programmer","output":["{\"Offer\":{\"Job Description\":\"Programmer\"}}"]}
, {"input":"How about without a leased car","output":["{\"Offer\":{\"Leased Car\":\"Without leased car\"}}"]}
, {"input":"How about 10% pension fund","output":["{\"Offer\":{\"Pension Fund\":\"10%\"}}"]}
, {"input":"How about the fast track","output":["{\"Offer\":{\"Promotion Possibilities\":\"Fast promotion track\"}}"]}
, {"input":"How about 12000 NIS","output":["{\"Offer\":{\"Salary\":\"12,000 NIS\"}}"]}
, {"input":"okay, I can pay you 20000","output":["{\"Offer\":{\"Salary\":\"20,000 NIS\"}}"]}
, {"input":"okay, you work 10 hours","output":["{\"Offer\":{\"Working Hours\":\"10 hours\"}}"]}
, {"input":"Please give me a counter offer.","output":["{\"Query\":\"bid\"}"]}
, {"input":"as a programmer","output":["{\"Offer\":{\"Job Description\":\"Programmer\"}}"]}
, {"input":"with car","output":["{\"Offer\":{\"Leased Car\":\"With leased car\"}}"]}
, {"input":"pension 20%","output":["{\"Offer\":{\"Pension Fund\":\"20%\"}}"]}
, {"input":"slow promotion","output":["{\"Offer\":{\"Promotion Possibilities\":\"Slow promotion track\"}}"]}
, {"input":"12000 NIS","output":["{\"Offer\":{\"Salary\":\"12,000 NIS\"}}"]}
, {"input":"8 hour","output":["{\"Offer\":{\"Working Hours\":\"8 hours\"}}"]}
, {"input":"hi, I am ready to start negotiating","output":["{\"Greet\":true}"]}
, {"input":"yes","output":["{\"Accept\":\"previous\"}"]}
, {"input":"teject","output":["{\"Reject\":\"previous\"}"]}
, {"input":"offer low promotion track","output":["{\"Offer\":{\"Promotion Possibilities\":\"Slow promotion track\"}}"]}
, {"input":"rejrct","output":["{\"Reject\":\"previous\"}"]}
, {"input":"Are you ready to accept the job?","output":["{\"Query\":\"bid\"}"]}
, {"input":"Do you need a leased car?","output":["{\"Offer\":{\"Leased Car\":\"With leased car\"}}"]}
, {"input":"What about promotion?","output":["{\"Query\":\"bid\"}"]}
, {"input":"I want to not give you all of that.","output":["{\"Reject\":\"previous\"}"]}
, {"input":"ok\\","output":["{\"Accept\":\"previous\"}"]}
, {"input":"ok\\\\","output":["{\"Accept\":\"previous\"}"]}
, {"input":"No compamy car.","output":["{\"Offer\":{\"Leased Car\":\"Without leased car\"}}"]}
, {"input":"No company car","output":["{\"Offer\":{\"Leased Car\":\"Without leased car\"}}"]}
, {"input":"o.k. team manager","output":["{\"Offer\":{\"Job Description\":\"Team Manager\"}}"]}
, {"input":"ok\\\\\\\\\\\\","output":["{\"Accept\":\"previous\"}"]}
, {"input":"How about 7,000?","output":["{\"Offer\":{\"Salary\":\"7,000 NIS\"}}"]}
, {"input":"20,000 is too high.","output":["{\"Reject\":\"Salary\"}"]}
, {"input":"ok\\\\\\","output":["{\"Accept\":\"previous\"}"]}
, {"input":"Good","output":["{\"Accept\":\"previous\"}"]}
, {"input":"We will offer you a leased car","output":["{\"Offer\":{\"Leased Car\":\"With leased car\"}}"]}
, {"input":"We will offer you 10% pension fund.","output":["{\"Offer\":{\"Pension Fund\":\"10%\"}}"]}
, {"input":"We will offer you 7,000","output":["{\"Offer\":{\"Salary\":\"7,000 NIS\"}}"]}
, {"input":"You have to make some concessions to reach an agreement ","output":["{\"Query\":\"compromise\"}"]}
, {"input":"leased car","output":["{\"Offer\":{\"Leased Car\":\"With leased car\"}}"]}
, {"input":"10% pension fund","output":["{\"Offer\":{\"Pension Fund\":\"10%\"}}"]}
, {"input":"12,000 NIS","output":["{\"Offer\":{\"Salary\":\"12,000 NIS\"}}"]}
, {"input":"9 hour work days","output":["{\"Offer\":{\"Working Hours\":\"9 hours\"}}"]}
, {"input":"Hi. I am willing to offer you to be a Team manager","output":["{\"Offer\":{\"Job Description\":\"Team Manager\"}}"]}
, {"input":"Hi. I am willing to offer you the leased car","output":["{\"Offer\":{\"Leased Car\":\"With leased car\"}}"]}
, {"input":"Hi. I am willing to offer you the 10% pension","output":["{\"Offer\":{\"Pension Fund\":\"10%\"}}"]}
, {"input":"Hi. I am willing to offer you the Slow promotion track","output":["{\"Offer\":{\"Promotion Possibilities\":\"Slow promotion track\"}}"]}
, {"input":"Hi. I am willing to offer you the 20,000","output":["{\"Offer\":{\"Salary\":\"20,000 NIS\"}}"]}
, {"input":"Hi. I am willing to offer you the working 10 hours.","output":["{\"Offer\":{\"Working Hours\":\"10 hours\"}}"]}
, {"input":"You will get QA","output":["{\"Offer\":{\"Job Description\":\"QA\"}}"]}
, {"input":"You will get No leased car","output":["{\"Offer\":{\"Leased Car\":\"Without leased car\"}}"]}
, {"input":"You will get 10% pension fund","output":["{\"Offer\":{\"Pension Fund\":\"10%\"}}"]}
, {"input":"You will get 12,000 NIS","output":["{\"Offer\":{\"Salary\":\"12,000 NIS\"}}"]}
, {"input":"You will get 9 hour work days","output":["{\"Offer\":{\"Working Hours\":\"9 hours\"}}"]}
, {"input":"I will offer you Programmer","output":["{\"Offer\":{\"Job Description\":\"Programmer\"}}"]}
, {"input":"I will offer you a leased car","output":["{\"Offer\":{\"Leased Car\":\"With leased car\"}}"]}
, {"input":"I will offer you 20% pension","output":["{\"Offer\":{\"Pension Fund\":\"20%\"}}"]}
, {"input":"I will offer you Fast track promotion","output":["{\"Offer\":{\"Promotion Possibilities\":\"Fast promotion track\"}}"]}
, {"input":"I will offer you 20,000","output":["{\"Offer\":{\"Salary\":\"20,000 NIS\"}}"]}
, {"input":"I will offer you working 10 hours.","output":["{\"Offer\":{\"Working Hours\":\"10 hours\"}}"]}
, {"input":"Ok then I will offer you this: QA","output":["{\"Offer\":{\"Job Description\":\"QA\"}}"]}
, {"input":"Ok then I will offer you this: a leased car","output":["{\"Offer\":{\"Leased Car\":\"With leased car\"}}"]}
, {"input":"Ok then I will offer you this: 20% pension","output":["{\"Offer\":{\"Pension Fund\":\"20%\"}}"]}
, {"input":"Ok then I will offer you this: Fast promotion track","output":["{\"Offer\":{\"Promotion Possibilities\":\"Fast promotion track\"}}"]}
, {"input":"Ok then I will offer you this: 20,00 salary","output":["{\"Offer\":{\"Salary\":\"20,000 NIS\"}}"]}
, {"input":"Ok then I will offer you this: working 9 hours.","output":["{\"Offer\":{\"Working Hours\":\"9 hours\"}}"]}
, {"input":"I will offer Porgrammer","output":["{\"Offer\":{\"Job Description\":\"Programmer\"}}"]}
, {"input":"I will offer Without leased car","output":["{\"Offer\":{\"Leased Car\":\"Without leased car\"}}"]}
, {"input":"I will offer 10% pension","output":["{\"Offer\":{\"Pension Fund\":\"10%\"}}"]}
, {"input":"I will offer Fast Track Promotion","output":["{\"Offer\":{\"Promotion Possibilities\":\"Fast promotion track\"}}"]}
, {"input":"I will offer 7,000 salary","output":["{\"Offer\":{\"Salary\":\"7,000 NIS\"}}"]}
, {"input":"I will offer 10 hours.","output":["{\"Offer\":{\"Working Hours\":\"10 hours\"}}"]}
, {"input":"the rest of the options are fine.","output":["{\"Accept\":\"previous\"}"]}
, {"input":"There is no car involved","output":["{\"Offer\":{\"Leased Car\":\"Without leased car\"}}"]}
, {"input":"A leased car is ok, but not an expensive one.","output":["{\"Offer\":{\"Leased Car\":\"With leased car\"}}"]}
, {"input":"The pension fund can be 20 percent","output":["{\"Offer\":{\"Pension Fund\":\"20%\"}}"]}
, {"input":"Slow promotion track is fine","output":["{\"Offer\":{\"Promotion Possibilities\":\"Slow promotion track\"}}"]}
, {"input":"Also, you can work only 9 hours","output":["{\"Offer\":{\"Working Hours\":\"9 hours\"}}"]}
, {"input":"How about Team manager instead of Project Manager?","output":["{\"Offer\":{\"Job Description\":\"Team Manager\"}}"]}
, {"input":"How about 10% pension?","output":["{\"Offer\":{\"Pension Fund\":\"10%\"}}"]}
, {"input":"How about 7,000?","output":["{\"Offer\":{\"Salary\":\"7,000 NIS\"}}"]}
, {"input":"I can offer you Programmer","output":["{\"Offer\":{\"Job Description\":\"Programmer\"}}"]}
, {"input":"I can offer you no car","output":["{\"Offer\":{\"Leased Car\":\"Without leased car\"}}"]}
, {"input":"I can offer you 10% pension","output":["{\"Offer\":{\"Pension Fund\":\"10%\"}}"]}
, {"input":"I can offer you 20,000","output":["{\"Offer\":{\"Salary\":\"20,000 NIS\"}}"]}
, {"input":"I can offer you 10 hours","output":["{\"Offer\":{\"Working Hours\":\"10 hours\"}}"]}
, {"input":"I'm sorry, that's not possible","output":["{\"Reject\":\"previous\"}"]}
, {"input":"There's no reason the company should provide a car to a programmer","output":["{\"Reject\":\"Leased Car\"}"]}
, {"input":"if you want to only work 8 hours, the salary has to come down, too.","output":["{\"Reject\":\"Salary\"}"]}
, {"input":"I can accept your offer with the following changes: no car, and 10 hours","output":["{\"Accept\":\"previous\"}"]}
, {"input":"So: Programmer","output":["{\"Offer\":{\"Job Description\":\"Programmer\"}}"]}
, {"input":"So: No Car","output":["{\"Offer\":{\"Leased Car\":\"Without leased car\"}}"]}
, {"input":"So: Pension at 10%","output":["{\"Offer\":{\"Pension Fund\":\"10%\"}}"]}
, {"input":"So: 20000 NIS","output":["{\"Offer\":{\"Salary\":\"20,000 NIS\"}}"]}
, {"input":"So: 10 hours.","output":["{\"Offer\":{\"Working Hours\":\"10 hours\"}}"]}
, {"input":"Sorry, no. Programmer","output":["{\"Offer\":{\"Job Description\":\"Project Manager\"}}"]}
, {"input":"Sorry, no. no car","output":["{\"Offer\":{\"Leased Car\":\"Without leased car\"}}"]}
, {"input":"Sorry, no. pension at 10%","output":["{\"Offer\":{\"Pension Fund\":\"10%\"}}"]}
, {"input":"Sorry, no. slow promotion track","output":["{\"Offer\":{\"Promotion Possibilities\":\"Slow promotion track\"}}"]}
, {"input":"Sorry, no. 12,000","output":["{\"Offer\":{\"Salary\":\"12,000 NIS\"}}"]}
, {"input":"Sorry, no. 9 hours.","output":["{\"Offer\":{\"Working Hours\":\"9 hours\"}}"]}
, {"input":"I can offer Team Manager","output":["{\"Offer\":{\"Job Description\":\"Team Manager\"}}"]}
, {"input":"I can offer no leased car","output":["{\"Offer\":{\"Leased Car\":\"Without leased car\"}}"]}
, {"input":"I can offer 20% pension","output":["{\"Offer\":{\"Pension Fund\":\"20%\"}}"]}
, {"input":"I can offer fast promotion track","output":["{\"Offer\":{\"Promotion Possibilities\":\"Fast promotion track\"}}"]}
, {"input":"I can offer 12000 NIS","output":["{\"Offer\":{\"Salary\":\"12,000 NIS\"}}"]}
, {"input":"I can offer 9 hours.","output":["{\"Offer\":{\"Working Hours\":\"9 hours\"}}"]}
, {"input":"You need to work for more than 9 hours.","output":["{\"Reject\":\"Working Hours\"}"]}
, {"input":"Candidate, what else do you have in mind? ","output":["{\"Query\":\"bid\"}"]}
, {"input":"I do not accept this offer.","output":["{\"Reject\":\"previous\"}"]}
, {"input":"I am here to negotiate your contract provisions with you.","output":["{\"Greet\":true}"]}
, {"input":"The offer will not have a leased car.","output":["{\"Offer\":{\"Leased Car\":\"Without leased car\"}}"]}
, {"input":"You can be a programmer","output":["{\"Offer\":{\"Job Description\":\"Programmer\"}}"]}
, {"input":"You can net get leased car","output":["{\"Offer\":{\"Leased Car\":\"Without leased car\"}}"]}
, {"input":"You can get 10% pension fund","output":["{\"Offer\":{\"Pension Fund\":\"10%\"}}"]}
, {"input":"You can get slow promotion track","output":["{\"Offer\":{\"Promotion Possibilities\":\"Slow promotion track\"}}"]}
, {"input":"You can get 12000 NIS","output":["{\"Offer\":{\"Salary\":\"12,000 NIS\"}}"]}
, {"input":"You can get 8 hour day","output":["{\"Offer\":{\"Working Hours\":\"8 hours\"}}"]}
, {"input":"How about programmer?","output":["{\"Offer\":{\"Job Description\":\"Programmer\"}}"]}
, {"input":"How about no agreement on car?","output":["{\"Offer\":{\"Leased Car\":\"No agreement\"}}"]}
, {"input":"How about 10% pension?","output":["{\"Offer\":{\"Pension Fund\":\"10%\"}}"]}
, {"input":"How about slow promotion track?","output":["{\"Offer\":{\"Promotion Possibilities\":\"Slow promotion track\"}}"]}
, {"input":"How about 12k?","output":["{\"Offer\":{\"Salary\":\"12,000 NIS\"}}"]}
, {"input":"How about 8 hours?","output":["{\"Offer\":{\"Working Hours\":\"8 hours\"}}"]}
, {"input":"8 hours","output":["{\"Offer\":{\"Working Hours\":\"8 hours\"}}"]}
, {"input":"9 hours","output":["{\"Offer\":{\"Working Hours\":\"9 hours\"}}"]}
, {"input":"10 hours","output":["{\"Offer\":{\"Working Hours\":\"10 hours\"}}"]}
, {"input":"9 hours","output":["{\"Offer\":{\"Working Hours\":\"9 hours\"}}"]}
, {"input":"no way!","output":["{\"Reject\":\"previous\"}"]}
, {"input":"fine, how are you?","output":["{\"Greet\":true}"]}
, {"input":"how about a team manager","output":["{\"Offer\":{\"Job Description\":\"Team Manager\"}}"]}
, {"input":"how about without leased car","output":["{\"Offer\":{\"Leased Car\":\"Without leased car\"}}"]}
, {"input":"how about 10% pension","output":["{\"Offer\":{\"Pension Fund\":\"10%\"}}"]}
, {"input":"how about 7000","output":["{\"Offer\":{\"Salary\":\"7,000 NIS\"}}"]}
, {"input":"do you have a counter proposal?","output":["{\"Query\":\"bid\"}"]}
, {"input":"offer with car","output":["{\"Offer\":{\"Leased Car\":\"With leased car\"}}"]}
, {"input":"offer with 10 hours","output":["{\"Offer\":{\"Working Hours\":\"10 hours\"}}"]}
, {"input":"offer with 8 hours","output":["{\"Offer\":{\"Working Hours\":\"8 hours\"}}"]}
, {"input":"I can pay 7,000NIS","output":["{\"Offer\":{\"Salary\":\"7,000 NIS\"}}"]}
, {"input":"I can pay 20,000NIS","output":["{\"Offer\":{\"Salary\":\"20,000 NIS\"}}"]}
, {"input":"work 10hours","output":["{\"Offer\":{\"Working Hours\":\"10 hours\"}}"]}
, {"input":"can you work for 7,000IS?","output":["{\"Offer\":{\"Salary\":\"7,000 NIS\"}}"]}
, {"input":"can you work for 7,000 IS?","output":["{\"Offer\":{\"Salary\":\"7,000 NIS\"}}"]}
, {"input":"can you work for 7,000NIS?","output":["{\"Offer\":{\"Salary\":\"7,000 NIS\"}}"]}
, {"input":"work for 7000IS","output":["{\"Offer\":{\"Salary\":\"7,000 NIS\"}}"]}
, {"input":"o,k,","output":["{\"Accept\":\"previous\"}"]}
, {"input":"is it okay?","output":["{\"Query\":\"accept\"}"]}
, {"input":"Okay, a programmer","output":["{\"Offer\":{\"Job Description\":\"Programmer\"}}"]}
, {"input":"Okay, 12000","output":["{\"Offer\":{\"Salary\":\"12,000 NIS\"}}"]}
, {"input":"Okay, but you'll work 10 hours","output":["{\"Offer\":{\"Working Hours\":\"10 hours\"}}"]}
, {"input":"So what do you suggest?","output":["{\"Query\":\"bid\"}"]}
, {"input":"Time is money, please make me an offer.","output":["{\"Query\":\"bid\"}"]}
, {"input":"still here?","output":["{\"Greet\":true}"]}
, {"input":"programmer fine?","output":["{\"Offer\":{\"Job Description\":\"Programmer\"}}"]}
, {"input":"with car, fine?","output":["{\"Offer\":{\"Leased Car\":\"With leased car\"}}"]}
, {"input":"10% pension, fine?","output":["{\"Offer\":{\"Pension Fund\":\"10%\"}}"]}
, {"input":"fast promotion track, fine?","output":["{\"Offer\":{\"Promotion Possibilities\":\"Fast promotion track\"}}"]}
, {"input":"12000, fine?","output":["{\"Offer\":{\"Salary\":\"12,000 NIS\"}}"]}
, {"input":"10 hours, fine?","output":["{\"Offer\":{\"Working Hours\":\"10 hours\"}}"]}
, {"input":"I would like you to work as a Project manager","output":["{\"Offer\":{\"Job Description\":\"Project Manager\"}}"]}
, {"input":"I would like you to get a leased car","output":["{\"Offer\":{\"Leased Car\":\"With leased car\"}}"]}
, {"input":"I would like you to get 20% pension fund","output":["{\"Offer\":{\"Pension Fund\":\"20%\"}}"]}
, {"input":"I would like you to get a fast promotion track","output":["{\"Offer\":{\"Promotion Possibilities\":\"Fast promotion track\"}}"]}
, {"input":"I would like you to get 20,000 NIS","output":["{\"Offer\":{\"Salary\":\"20,000 NIS\"}}"]}
, {"input":"I would like you to work 10 hours a day.","output":["{\"Offer\":{\"Working Hours\":\"10 hours\"}}"]}
]