[
  {"input":"So are you saying programmer with a fast promotion track?","output":[{"Offer":{"Job Description":"Programmer"}},{"Offer":{"Promotion Possibilities":"Fast promotion track"}}]}
, {"input":"I offer 12,000.","output":[{"Offer":{"Salary":"12,000 NIS"}}]}
, {"input":"Did you have a preference on work hours? My normal day is 10 hours.","output":[{"Offer":{"Working Hours":"10 hours"}}]}
, {"input":"I can agree to team manager. shall we say 12,000, 9 hours, and team manager?","output":[{"Offer":{"Salary":"12,000 NIS"}},{"Offer":{"Job Description":"Team Manager"}},{"Offer":{"Working Hours":"9 hours"}}]}
, {"input":"that absurd amount of money I would ask you to be a programmer, and work for 10 hours a day","output":[{"Offer":{"Job Description":"Programmer"}},{"Offer":{"Working Hours":"10 hours"}}]}
, {"input":"also, how is that fast promotion track coming along","output":[{"Offer":{"Promotion Possibilities":"Fast promotion track"}}]}
, {"input":"I agree to offer a wage of 20000 NIS and 10% pension without a car","output":[{"Offer":{"Leased Car":"Without leased car"}},{"Offer":{"Pension Fund":"10%"}},{"Offer":{"Salary":"20,000 NIS"}}]}
, {"input":"I offer you 7000","output":[{"Offer":{"Salary":"7,000 NIS"}}]}
, {"input":"I offer 20000 NIS","output":[{"Offer":{"Salary":"20,000 NIS"}}]}
, {"input":"I offer 7000 NIS","output":[{"Offer":{"Salary":"7,000 NIS"}}]}
, {"input":"I offer 12 thousand","output":[{"Offer":{"Salary":"12,000 NIS"}}]}
, {"input":"i offer 7000","output":[{"Offer":{"Salary":"7,000 NIS"}}]}
, {"input":"I can offer 20000","output":[{"Offer":{"Salary":"20,000 NIS"}}]}
, {"input":"I offer 20000","output":[{"Offer":{"Salary":"20,000 NIS"}}]}
, {"input":"I accept your offer","output":[{"Accept":"previous"}]}
, {"input":"I offer 12,000 with leased car","output":[{"Offer":{"Salary":"12,000 NIS"}},{"Offer":{"Leased Car":"With leased car"}}]}
, {"input":"How about 12,000 with leased carr with 20% pention 10 hours","output":[{"Offer":{"Salary":"12,000 NIS"}},{"Offer":{"Leased Car":"With leased car"}},{"Offer":{"Pension Fund":"20%"}},{"Offer":{"Working Hours":"10 hours"}}]}
, {"input":"12,000 NIS and other as you said","output":[{"Offer":{"Salary":"12,000 NIS"}},{"Accept":"previous"}]}
, {"input":"I agree to offer a wage of 20000 NIS and 10% pension with no a car","output":[{"Offer":{"Pension Fund":"10%"}},{"Offer":{"Salary":"20,000 NIS"}},{"Offer":{"Leased Car":"Without leased car"}}]}
, {"input":"I offer 12k","output":[{"Offer":{"Salary":"12,000 NIS"}}]}
, {"input":"offer 12000","output":[{"Offer":{"Salary":"12,000 NIS"}}]}
, {"input":"i reject","output":[{"Reject":"previous"}]}
, {"input":"I offer you 20000, with car, QA, 0% pension Found, fast promotion track and 9 hours","output":[{"Offer":{"Job Description":"QA"}},{"Offer":{"Leased Car":"With leased car"}},{"Offer":{"Pension Fund":"0%"}},{"Offer":{"Promotion Possibilities":"Fast promotion track"}},{"Offer":{"Salary":"20,000 NIS"}},{"Offer":{"Working Hours":"9 hours"}}]}
, {"input":"so may be 20000, with car, programmer, 0% pension Found, fast promotion track and 9 hours","output":[{"Offer":{"Job Description":"Programmer"}},{"Offer":{"Leased Car":"With leased car"}},{"Offer":{"Pension Fund":"0%"}},{"Offer":{"Promotion Possibilities":"Fast promotion track"}},{"Offer":{"Salary":"20,000 NIS"}},{"Offer":{"Working Hours":"9 hours"}}]}
, {"input":"what about 20000, with car, programmer, 10% pension Found, fast promotion track and 9 hours","output":[{"Offer":{"Job Description":"Programmer"}},{"Offer":{"Leased Car":"With leased car"}},{"Offer":{"Pension Fund":"10%"}},{"Offer":{"Promotion Possibilities":"Fast promotion track"}},{"Offer":{"Salary":"20,000 NIS"}},{"Offer":{"Working Hours":"9 hours"}}]}
, {"input":"I offer 7000","output":[{"Offer":{"Salary":"7,000 NIS"}}]}
, {"input":"fine","output":[{"Accept":"previous"}]}
, {"input":"OK, I accept","output":[{"Accept":"previous"}]}
, {"input":"Hi, let's begin our negotiation.","output":[{"Greet":true}]}
, {"input":"This is my offer.","output":[{"Insist":"previous"}]}
, {"input":"I accept this.","output":[{"Accept":"previous"}]}
, {"input":"I offer salary 20000.","output":[{"Offer":{"Salary":"20,000 NIS"}}]}
, {"input":"12000 nis","output":[{"Offer":{"Salary":"12,000 NIS"}}]}
, {"input":"pension 20%","output":[{"Offer":{"Pension Fund":"20%"}}]}
, {"input":"7000 nis","output":[{"Offer":{"Salary":"7,000 NIS"}}]}
, {"input":"8 hours","output":[{"Offer":{"Working Hours":"8 hours"}}]}
, {"input":"offer 20000","output":[{"Offer":{"Salary":"20,000 NIS"}}]}
, {"input":"I'm offer 20000","output":[{"Offer":{"Salary":"20,000 NIS"}}]}
, {"input":"i offer you 20000","output":[{"Offer":{"Salary":"20,000 NIS"}}]}
, {"input":"10% pension fuon is good enough","output":[{"Offer":{"Pension Fund":"10%"}}]}
, {"input":"and fast premotion truck is supper","output":[{"Offer":{"Promotion Possibilities":"Fast promotion track"}}]}
, {"input":"but you should work at least 9 hours","output":[{"Offer":{"Working Hours":"9 hours"}}]}
, {"input":"I'm agree to your offer","output":[{"Accept":"previous"}]}
, {"input":"I'm willing to pay 20000","output":[{"Offer":{"Salary":"20,000 NIS"}}]}
]
