[
  {"input":"I offer a pension of 0 percent","output":[{"Offer":{"Pension Fund":"0%"}}]}
, {"input":"I offer a pension of 10 percent","output":[{"Offer":{"Pension Fund":"10%"}}]}
, {"input":"I offer a pension of 20 percent","output":[{"Offer":{"Pension Fund":"20%"}}]}
, {"input":"I offer a monthly salary of 7 thousand NIS","output":[{"Offer":{"Salary":"7,000 NIS"}}]}
, {"input":"I offer a monthly salary of 12 thousand NIS","output":[{"Offer":{"Salary":"12,000 NIS"}}]}
, {"input":"I offer a monthly salary of 20 thousand NIS","output":[{"Offer":{"Salary":"20,000 NIS"}}]}
, {"input":"I offer a workday of 8 hours","output":[{"Offer":{"Working Hours":"8 hours"}}]}
, {"input":"I offer a workday of 9 hours","output":[{"Offer":{"Working Hours":"9 hours"}}]}
, {"input":"I offer a workday of 10 hours","output":[{"Offer":{"Working Hours":"10 hours"}}]}
, {"input":"I offer a company car","output":[{"Offer":{"Leased Car":"With leased car"}}]}
, {"input":"I offer a position as a qa","output":[{"Offer":{"Job Description":"QA"}}]}
, {"input":"I offer a position as a programmer","output":[{"Offer":{"Job Description":"Programmer"}}]}
, {"input":"I offer a position as a team manager","output":[{"Offer":{"Job Description":"Team Manager"}}]}
, {"input":"I offer a position as a project manager","output":[{"Offer":{"Job Description":"Project Manager"}}]}
, {"input":"I offer a fast promotion track","output":[{"Offer":{"Promotion Possibilities":"Fast promotion track"}}]}
, {"input":"I offer a slow promotion track","output":[{"Offer":{"Promotion Possibilities":"Slow promotion track"}}]}
, {"input":"I do not offer a company car","output":[{"Offer":{"Leased Car":"Without leased car"}}]}
, {"input":"I offer no agreement about the salary","output":[{"Offer":{"Salary":"No agreement"}}]}
, {"input":"I offer no agreement about the job description","output":[{"Offer":{"Job Description":"No agreement"}}]}
, {"input":"I offer no agreement about the pension fund","output":[{"Offer":{"Pension Fund":"No agreement"}}]}
, {"input":"I offer no agreement about the company car","output":[{"Offer":{"Leased Car":"No agreement"}}]}
, {"input":"I offer no agreement about the promotion track","output":[{"Offer":{"Promotion Possibilities":"No agreement"}}]}
, {"input":"I offer no agreement about the working hours","output":[{"Offer":{"Working Hours":"No agreement"}}]}
, {"input":"I accept your previous offer","output":[{"Accept":"previous"}]}
, {"input":"I accept your offer about the salary","output":[{"Accept":"Salary"}]}
, {"input":"I accept your offer about the job description","output":[{"Accept":"Job Description"}]}
, {"input":"I accept your offer about the pension fund","output":[{"Accept":"Pension Fund"}]}
, {"input":"I accept your offer about the company car","output":[{"Accept":"Leased Car"}]}
, {"input":"I accept your offer about the promotion track","output":[{"Accept":"Promotion Possibilities"}]}
, {"input":"I accept your offer about the working hours","output":[{"Accept":"Working Hours"}]}
, {"input":"I reject your previous offer","output":[{"Reject":"previous"}]}
, {"input":"I reject your offer about the salary","output":[{"Reject":"Salary"}]}
, {"input":"I reject your offer about the job description","output":[{"Reject":"Job Description"}]}
, {"input":"I reject your offer about the pension fund","output":[{"Reject":"Pension Fund"}]}
, {"input":"I reject your offer about the company car","output":[{"Reject":"Leased Car"}]}
, {"input":"I reject your offer about the promotion track","output":[{"Reject":"Promotion Possibilities"}]}
, {"input":"I reject your offer about the working hours","output":[{"Reject":"Working Hours"}]}
, {"input":"I insist on my previous offer","output":[{"Insist":"previous"}]}
, {"input":"I insist on my offer about the salary","output":[{"Insist":"Salary"}]}
, {"input":"I insist on my offer about the job description","output":[{"Insist":"Job Description"}]}
, {"input":"I insist on my offer about the pension fund","output":[{"Insist":"Pension Fund"}]}
, {"input":"I insist on my offer about the company car","output":[{"Insist":"Leased Car"}]}
, {"input":"I insist on my offer about the promotion track","output":[{"Insist":"Promotion Possibilities"}]}
, {"input":"I insist on my offer about the working hours","output":[{"Insist":"Working Hours"}]}
, {"input":"What do you want regarding the salary?","output":[{"Query":"Salary"}]}
, {"input":"What do you want regarding the job description","output":[{"Query":"Job Description"}]}
, {"input":"What do you want regarding the pension fund","output":[{"Query":"Pension Fund"}]}
, {"input":"What do you want regarding the company car","output":[{"Query":"Leased Car"}]}
, {"input":"What do you want regarding the promotion track","output":[{"Query":"Promotion Possibilities"}]}
, {"input":"What do you want regarding the working hours","output":[{"Query":"Working Hours"}]}
, {"input":"What is your offer?","output":[{"Query":"bid"}]}
, {"input":"What issues should we discuss?","output":[{"Query":"issues"}]}
, {"input":"What are you willing to compromise?","output":[{"Query":"compromise"}]}
, {"input":"Do you accept my offer?","output":[{"Query":"accept"}]}
, {"input":"Why do you reject my offer?","output":[{"Query":"reject"}]}
, {"input":"I quit","output":[{"Quit":true}]}
]
